source,url
https://naver.com,https://blog.naver.com/aldudcldud
https://naver.com,https://blog.naver.com/baby0817
https://naver.com,https://blog.naver.com/bluei91147
https://naver.com,https://blog.naver.com/bongs1021
https://naver.com,https://blog.naver.com/bylisian/223804717874
https://naver.com,https://blog.naver.com/cong1121
https://naver.com,https://blog.naver.com/duswnekd00
https://naver.com,https://blog.naver.com/firehouse79
https://naver.com,https://blog.naver.com/gugu9416
https://naver.com,https://blog.naver.com/howmany70
https://naver.com,https://blog.naver.com/jaeha0406
https://naver.com,https://blog.naver.com/jaeha0406/223820653528
https://naver.com,https://blog.naver.com/jensksj
https://naver.com,https://blog.naver.com/jh2y3
https://naver.com,https://blog.naver.com/key0034
https://naver.com,https://blog.naver.com/kies84
https://naver.com,https://blog.naver.com/kimkimgain
https://naver.com,https://blog.naver.com/kimkimgain/223789332568
https://naver.com,https://blog.naver.com/kyoungmik
https://naver.com,https://blog.naver.com/lafleur7
https://naver.com,https://blog.naver.com/lalacucina
https://naver.com,https://blog.naver.com/maisonkr_official/223811976646
https://naver.com,https://blog.naver.com/maringo0510
https://naver.com,https://blog.naver.com/minimini0107
https://naver.com,https://blog.naver.com/misoo0612
https://naver.com,https://blog.naver.com/mj_hudadak
https://naver.com,https://blog.naver.com/naettee
https://naver.com,https://blog.naver.com/patt98
https://naver.com,https://blog.naver.com/pdmho92
https://naver.com,https://blog.naver.com/peace8012
https://naver.com,https://blog.naver.com/redzacal
https://naver.com,https://blog.naver.com/sky304211
https://naver.com,https://blog.naver.com/smju0801
https://naver.com,https://blog.naver.com/teaser1
https://naver.com,https://blog.naver.com/theboni
https://naver.com,https://blog.naver.com/themagnetism
https://naver.com,https://blog.naver.com/themagnetism/223745371234
https://naver.com,https://blog.naver.com/tina-soulfood
https://naver.com,https://blog.naver.com/tina-soulfood/223789093796
https://naver.com,https://blog.naver.com/wh1te_table
https://naver.com,https://blog.naver.com/wtiger5v
https://naver.com,https://in.naver.com/baby0817/contents/internal/783529815667520
https://naver.com,https://in.naver.com/baby0817/contents/internal/785020781843264
https://naver.com,https://in.naver.com/baby0817/contents/internal/789663406326720
https://naver.com,https://in.naver.com/bongsrecipe/contents/internal/783992371668224
https://naver.com,https://in.naver.com/bongsrecipe/contents/internal/791332770001856
https://naver.com,https://in.naver.com/bongsrecipe/contents/internal/807609912998208
https://naver.com,https://in.naver.com/boni/contents/internal/803786134739136
https://naver.com,https://in.naver.com/boni/contents/internal/809100289140928
https://naver.com,https://in.naver.com/chain/contents/internal/774690562225152
https://naver.com,https://in.naver.com/cong1121/contents/internal/807219675212352
https://naver.com,https://in.naver.com/daldal_naettee/contents/internal/778728848196352
https://naver.com,https://in.naver.com/daldal_naettee/contents/internal/808506339310368
https://naver.com,https://in.naver.com/danatable/topic/807800306926400?cds=nm_pc_recipe
https://naver.com,https://in.naver.com/dhdmsdo79/topic/807590443152256?cds=nm_pc_recipe
https://naver.com,https://in.naver.com/firehouse79/contents/internal/806701167843488
https://naver.com,https://in.naver.com/foodireh/topic/808874379568000?cds=nm_pc_recipe
https://naver.com,https://in.naver.com/fourmomslife/topic/807662285157216?cds=nm_pc_recipe
https://naver.com,https://in.naver.com/fourmomslife/topic/808494848684768?cds=nm_pc_recipe
https://naver.com,https://in.naver.com/gemma01/topic/808877221405536?cds=nm_pc_recipe
https://naver.com,https://in.naver.com/gugu9416/contents/internal/795066816395008
https://naver.com,https://in.naver.com/haetsalmommy/contents/internal/808763211409760
https://naver.com,https://in.naver.com/heidirang_cooks/topic/807276799886208?cds=nm_pc_recipe
https://naver.com,https://in.naver.com/heidirang_cooks/topic/807609625092896?cds=nm_pc_recipe
https://naver.com,https://in.naver.com/howmany70/contents/internal/807196809247424
https://naver.com,https://in.naver.com/jensksj/contents/internal/807759576394528
https://naver.com,https://in.naver.com/jh2y3/contents/internal/809192045709760
https://naver.com,https://in.naver.com/key0034/contents/internal/793296678745792
https://naver.com,https://in.naver.com/kh2187782-/topic/807948933350176?cds=nm_pc_recipe
https://naver.com,https://in.naver.com/kies84/contents/internal/808671459960960
https://naver.com,https://in.naver.com/kyoungmik/contents/internal/808827681282656
https://naver.com,https://in.naver.com/lafleur7/contents/internal/803901169485984
https://naver.com,https://in.naver.com/lalacucina/contents/internal/807341801556352
https://naver.com,https://in.naver.com/lazyday31/topic/808465783452448?cds=nm_pc_recipe
https://naver.com,https://in.naver.com/loveshine707/topic/807771401618272?cds=nm_pc_recipe
https://naver.com,https://in.naver.com/lunacooks/topic/809096402895584?cds=nm_pc_recipe
https://naver.com,https://in.naver.com/maringo0510/contents/internal/809357034830016
https://naver.com,https://in.naver.com/mijinkim80/contents/internal/808340335028800
https://naver.com,https://in.naver.com/mikou/topic/807220418818816?cds=nm_pc_recipe
https://naver.com,https://in.naver.com/misoo0612/contents/internal/809185306696192
https://naver.com,https://in.naver.com/mw_yeonju/contents/internal/808775912184416
https://naver.com,https://in.naver.com/mw_yeonju/topic/808780181246816?cds=nm_pc_recipe
https://naver.com,https://in.naver.com/orifam/topic/808640667407232?cds=nm_pc_recipe
https://naver.com,https://in.naver.com/patt98/contents/internal/802395612506432
https://naver.com,https://in.naver.com/pdmho92/contents/internal/798427939300768
https://naver.com,https://in.naver.com/peace8012/contents/internal/774376587801344
https://naver.com,https://in.naver.com/redzacal/contents/internal/806894632376704
https://naver.com,https://in.naver.com/shhsej22/topic/808414572782400?cds=nm_pc_recipe
https://naver.com,https://in.naver.com/sky304211/contents/internal/788845867570368
https://naver.com,https://in.naver.com/smju0801/contents/internal/808372144715936
https://naver.com,https://in.naver.com/smju0801/contents/internal/809214762596832
https://naver.com,https://in.naver.com/sucrimnet/topic/808466644816704?cds=nm_pc_recipe
https://naver.com,https://in.naver.com/sugyis/topic/807361667171104?cds=nm_pc_recipe
https://naver.com,https://in.naver.com/sweetbella/contents/internal/808656876263616
https://naver.com,https://in.naver.com/wh1te_table/contents/internal/807333823453792
https://naver.com,https://in.naver.com/wtiger5v/contents/internal/785094605096192
https://naver.com,https://in.naver.com/wtiger5v/contents/internal/809364576496032
https://naver.com,https://in.naver.com/yong2mom/topic/807774748283680?cds=nm_pc_recipe
https://naver.com,https://in.naver.com/yong2mom/topic/809195384083168?cds=nm_pc_recipe
https://naver.com,https://in.naver.com/yoririm/contents/internal/808061527054688
https://naver.com,https://m.blog.naver.com/h-chosun/223821062910
https://naver.com,https://m.blog.naver.com/hapicker/223798836798
https://naver.com,https://m.blog.naver.com/maisonkr_official/223811976646
https://naver.com,https://m.blog.naver.com/travie2005/223802409527
https://naver.com,https://m.naver.com/
https://naver.com,https://news.naver.com/main/list.naver?mode=LPOD&mid=sec&sid1=001&sid2=140&oid=001&isYeonhapFlash=Y&aid=0015313131
https://naver.com,https://news.naver.com/main/list.naver?mode=LPOD&mid=sec&sid1=001&sid2=140&oid=001&isYeonhapFlash=Y&aid=0015313500
https://naver.com,https://news.naver.com/main/list.naver?mode=LPOD&mid=sec&sid1=001&sid2=140&oid=001&isYeonhapFlash=Y&aid=0015313504
https://naver.com,https://news.naver.com/main/list.naver?mode=LPOD&mid=sec&sid1=001&sid2=140&oid=001&isYeonhapFlash=Y&aid=0015313571
https://naver.com,https://news.naver.com/main/list.naver?mode=LPOD&mid=sec&sid1=001&sid2=140&oid=001&isYeonhapFlash=Y&aid=0015313711
https://naver.com,https://news.naver.com/main/list.naver?mode=LPOD&mid=sec&sid1=001&sid2=140&oid=001&isYeonhapFlash=Y&aid=0015313728
https://naver.com,https://news.naver.com/main/list.naver?mode=LPOD&mid=sec&sid1=001&sid2=140&oid=001&isYeonhapFlash=Y&aid=0015313750
https://naver.com,https://news.naver.com/main/list.naver?mode=LPOD&mid=sec&sid1=001&sid2=140&oid=001&isYeonhapFlash=Y&aid=0015313766
https://naver.com,https://news.naver.com/main/list.naver?mode=LPOD&mid=sec&sid1=001&sid2=140&oid=001&isYeonhapFlash=Y&aid=0015313770
https://naver.com,https://news.naver.com/main/list.naver?mode=LPOD&mid=sec&sid1=001&sid2=140&oid=001&isYeonhapFlash=Y&aid=0015313802
https://naver.com,https://s.pstatic.net/dthumb.phinf/?src=%22http%3A%2F%2Fblogfiles.naver.net%2FMjAyMzEwMThfMTcg%2FMDAxNjk3NjA4MDgxMDY2.WKclIC6F4Rwp8E1ec7PQto0daHqmOiBQTdFxKGIO2bwg.aQv06XK3Ydj8O_cy_WxucPSzGMgCsK1JLAjje24lDo0g.JPEG.mijinkim80%2F6.JPEG%22&type=nf365_240&service=navermain
https://naver.com,https://s.pstatic.net/dthumb.phinf/?src=%22http%3A%2F%2Fblogfiles.naver.net%2FMjAyNDA1MjVfMjg0%2FMDAxNzE2NTcxMTk2MTc2.Ms49VgvQqqIlYYHe2iZHmk3SqVeuW5wh2HeUkbBgZ9cg.xL5hdTjL3UqWj3wWwtbl5oFnXdF_Z01QI7fE0MPfy3Yg.JPEG%2F13.jpg%22&type=nf308_200&service=navermain
https://naver.com,https://s.pstatic.net/dthumb.phinf/?src=%22http%3A%2F%2Fblogfiles.naver.net%2FMjAyNDEyMjdfMTYz%2FMDAxNzM1Mjk2Mzg4MDU3.SRYpBT5fV3pQJ7Hq6Ko43_2p3JpkmsAyAeBaPdjUB6gg.reprwQhK2iUA1uRWZApoyeYhWsqsbp2-uiP-sE1rG3sg.JPEG%2FIMG_4432.JPG%22&type=nf308_200&service=navermain
https://naver.com,https://s.pstatic.net/dthumb.phinf/?src=%22http%3A%2F%2Fblogfiles.naver.net%2FMjAyNDEyMjhfMjk4%2FMDAxNzM1Mzk1OTMxNDUy.IO-tTfo7430V46TAO_VyZQSTjQRfX5lBnn0TkshS2eIg.H8riVL9ua_tgLTYhKplJIgcqzaqIFHL_K546qD0YL9Mg.JPEG%2F1_MG_0492.JPG%22&type=nf365_240&service=navermain
https://naver.com,https://s.pstatic.net/dthumb.phinf/?src=%22http%3A%2F%2Fblogfiles.naver.net%2FMjAyNTA0MDFfMTMz%2FMDAxNzQzNTAyNzIyNzk0.WdJy0c_M9UsKhjXw6yhfjhri4J0OwdIaC0IYQzfGnIIg.sWDfz9EQEVouzP0WEfUd0X-Ih5qMYOXS0Ruig3ZWCMEg.JPEG%2F1.jpg%22&type=nf308_200&service=navermain
https://naver.com,https://s.pstatic.net/dthumb.phinf/?src=%22http%3A%2F%2Fblogfiles.naver.net%2FMjAyNTA0MDFfMjQ2%2FMDAxNzQzNTA3NjQ2NDMx.bO4B_ynbfIGFqPAU-WS8e6-cVmG_hlurD6KSNZnmR1Ug.zJ_C8_iY3mf7-_LVBkLGC_ETd6iz8B9E2IWyXDRQb3Eg.JPEG%2FKakaoTalk_20250331_154159248_15.jpg%22&type=nf365_240&service=navermain
https://naver.com,https://s.pstatic.net/dthumb.phinf/?src=%22http%3A%2F%2Fblogfiles.naver.net%2FMjAyNTA0MDFfODQg%2FMDAxNzQzNDQwODAzOTU2.U2PtJBwoj487Mp3UwEPIfrg0gmGE4XDooTZZZzoh4Ysg.DwwTBh0_xDR_p_vqrCIur5xZQI1Zg0upCxpwwPfFw5Qg.JPEG%2FttIMG_0338.JPG%22&type=nf365_240&service=navermain
https://naver.com,https://s.pstatic.net/dthumb.phinf/?src=%22http%3A%2F%2Fblogfiles.naver.net%2FMjAyNTA0MDJfMjQy%2FMDAxNzQzNTc5Mjk5MTQ1.2erYlqrW35nP7m3EXBdmQVVuiyeyjnRhbnwgL-ZnzAAg.dhNPXXxhoDeAzdO651te_MRVXI6LhiGkQjn2JaNfMmMg.JPEG%2FSE-23f5fcb3-f567-43e8-9db1-8db92ff267ef.jpg%22&type=nf365_240&service=navermain
https://naver.com,https://s.pstatic.net/dthumb.phinf/?src=%22http%3A%2F%2Fblogfiles.naver.net%2FMjAyNTA0MDNfMTA1%2FMDAxNzQzNjg4MTQ5OTU5.n04HBG9hrsm7yv_bIpETIg5-xcx_eyk-q3S4ZnHWUIYg.taVHfyKbCGqvJn24ILbM2BAnhDKw8qnZRwFqbDl7CQMg.JPEG%2F2-022.JPG%22&type=nf308_200&service=navermain
https://naver.com,https://s.pstatic.net/dthumb.phinf/?src=%22http%3A%2F%2Fblogfiles.naver.net%2FMjAyNTA0MDNfMTA2%2FMDAxNzQzNjg1NTEzNTkw.YSHe8DMH7EiULi2UqnMxYpcclE6kr01rUDQUO0cLcbcg.9DJUzCaho_4u1euDrJyk2_2PWzf0G4SNUVA52z1Wa4gg.JPEG%2F2C7A0814_copy.jpg%22&type=nf365_240&service=navermain
https://naver.com,https://s.pstatic.net/dthumb.phinf/?src=%22http%3A%2F%2Fblogfiles.naver.net%2FMjAyNTA0MDNfNTkg%2FMDAxNzQzNjUxMTI3MjI0.fHieSzxZEXZTYot-iaIUPYaZ6R8aCDPA9vIKQh56x1Ug.3926pbZj6WPbTA5ASOwV7HpLMZpQWU-GRF6AN0ZYidEg.PNG%2Fdownload.png%22&type=nf308_200&service=navermain
https://naver.com,https://s.pstatic.net/dthumb.phinf/?src=%22http%3A%2F%2Fblogfiles.naver.net%2FMjAyNTA0MDRfMjEx%2FMDAxNzQzNzE3MzU2Nzkw.XXXn6QTfFOKeq1Jd7E6gY9wiUyXqeYxUXJNYVMLMoUsg.kvHr-Z-1U2SuI9onmTbuyr4RX4xV1hfbOQ8JbTROSJYg.JPEG%2F900%EF%BC%BF1743717355904.jpg%22&type=nf365_240&service=navermain
https://naver.com,https://s.pstatic.net/dthumb.phinf/?src=%22http%3A%2F%2Fblogfiles.naver.net%2FMjAyNTA0MDRfMjM5%2FMDAxNzQzNjkyNDU5NjEw.JBZSW01Mh-WnF8GhaPyJsNo-MbyrEbPzVUJoAQodg4Mg.W-cDdqj-C7mxHptkZHcz63Go1LUEI97srFJIxnYCbYwg.JPEG%2F%EC%98%A4%EC%9D%B4%ED%83%95%ED%83%95%EC%9D%B4.JPG%22&type=nf308_200&service=navermain
https://naver.com,https://s.pstatic.net/dthumb.phinf/?src=%22http%3A%2F%2Fblogfiles.naver.net%2FMjAyNTA0MDRfMjc4%2FMDAxNzQzNzY2MzY3Mjg2.ZYRISmEIOvjiPi3e8a-rjaDXUmPc67C9CqTAvPyT-acg.7hlk32s9hnsEPIgUF_isARveW8DfHXb0JbZBQAETktwg.JPEG%2FIMG_1133.JPG%22&type=nf308_200&service=navermain
https://naver.com,https://s.pstatic.net/dthumb.phinf/?src=%22http%3A%2F%2Fblogfiles.naver.net%2FMjAyNTA0MDVfMTU0%2FMDAxNzQzNzg4ODI3Mjkz.f2fx83rKedCiTPq6sj5nDfocxiVwmXTAYl4DsuzFIFMg.hdomGT7C3kjLKV5AA9NbcBc-XKHSjqL88Ocsq4zdOEUg.JPEG%2F21.jpg%22&type=nf365_240&service=navermain
https://naver.com,https://s.pstatic.net/dthumb.phinf/?src=%22http%3A%2F%2Fblogfiles.naver.net%2FMjAyNTA0MDVfMjA4%2FMDAxNzQzODU2NTUwNjM5.zC3kwADzWP_iA6f6UIb_gdhH5nfB5J85XJgzgpurF0Mg.jsCMFmH3TCdpEVI0ozPQxgrpPIBc3P7ogBzJiKeDfE8g.JPEG%2F1.JPG%22&type=nf365_240&service=navermain
https://naver.com,https://s.pstatic.net/dthumb.phinf/?src=%22http%3A%2F%2Fblogfiles.naver.net%2FMjAyNTA0MDVfMjA5%2FMDAxNzQzODE2MDYxMzIx.C-Qff9pThSf7WK4wgFbGNkwY126H1hQBYIr_mWaFGOsg.BtCJEGh7JzMQTehqfT5ytiSQxc0sM667ENfpRl1T8p4g.JPEG%2FIMG_2709.JPG%22&type=nf308_200&service=navermain
https://naver.com,https://s.pstatic.net/dthumb.phinf/?src=%22http%3A%2F%2Fblogfiles.naver.net%2FMjAyNTA0MDVfMjI3%2FMDAxNzQzODU1ODA5MzM2.zQqyEkGEFA7nZJwZV2T-E-pE1Q6l2sQtgsm-zPIlxd8g.4ecFZlRZKCvE4L0l9SvEn5IyaZU0pGIzlYx4m7h174gg.JPEG%2F%EC%96%91%EB%B0%B0%EC%B6%94_%EC%B0%8C%EB%8A%94%EB%B2%95__%2821%29.jpg%22&type=nf308_200&service=navermain
https://naver.com,https://s.pstatic.net/dthumb.phinf/?src=%22http%3A%2F%2Fblogfiles.naver.net%2FMjAyNTA0MDVfNjYg%2FMDAxNzQzODUzNDUzNTg2.qZHDDN3Q7pErU7o05pPiQZfEbxqWmzCep0W9_9I0qXwg.FP8uJVE9jBgLm7bObPn5iTRwWwSJFndaegO5qLoumVMg.JPEG%2FIMG_5636.JPG%22&type=nf308_200&service=navermain
https://naver.com,https://s.pstatic.net/dthumb.phinf/?src=%22http%3A%2F%2Fblogfiles.naver.net%2FMjAyNTAxMDlfNDkg%2FMDAxNzM2NDE0MzEyNzM4.2aQme5i3svIbsPAOKExJPAIbNVJxth1EeNAeDtWop6gg.kbOo1mX3WfL8IAyHtKXCds9-VkUhpIDUg3thdwHy_t8g.JPEG%2F6-026.JPG%22&type=nf308_200&service=navermain
https://naver.com,https://s.pstatic.net/dthumb.phinf/?src=%22http%3A%2F%2Fblogfiles.naver.net%2FMjAyNTAxMjFfNjIg%2FMDAxNzM3NDY0OTA1MDAx.i_h5abxZm4YuvKmf-bNzmLR0uUJA5RmQXpY1EcpmMKcg.W_mmcAMEhYVY4TM82jn74nqlb_Pic-pcuH48FcIMM6Mg.JPEG%2Fdrink_of_sikhye025655_2251.jpg%22&type=nf308_200&service=navermain
https://naver.com,https://s.pstatic.net/dthumb.phinf/?src=%22http%3A%2F%2Fblogfiles.naver.net%2FMjAyNTAxMjRfMTE0%2FMDAxNzM3NzAyNTgwNzgw.oUuR7vIrxGp6H-GV4sQifxQFBi-ecrpsWVuhnzNBmIAg.kc9l22Ov-6BV5YI80WQrzxiNDBdITj0OK8Cww4-AJQ8g.JPEG%2FweIMG_9032.JPG%22&type=nf308_200&service=navermain
https://naver.com,https://s.pstatic.net/dthumb.phinf/?src=%22http%3A%2F%2Fblogfiles.naver.net%2FMjAyNTAxMjZfMjMy%2FMDAxNzM3ODY2Mzg1NzA5.n9CK_iWQZ8PkvoF9JbyeaiIBmdNqHXvHWvFE5aG1hQIg.Xul7eG9RT1wdVYmdSfmcua-xOlGUMAodz3pNV3Dcfzwg.JPEG%2F900%EF%BC%BF20250126%EF%BC%BF022117.jpg%22&type=nf308_200&service=navermain
https://naver.com,https://s.pstatic.net/dthumb.phinf/?src=%22http%3A%2F%2Fblogfiles.naver.net%2FMjAyNTAxMjdfMTYx%2FMDAxNzM3OTcwNzcwNTQ0.v7bRkRxyl2MiaFawoITG4Va_XKmuLTdyUtZD-GiK9ucg.QZSMtYNPYkyFW9gwLB-offRB6YmmSq1YAzWfXHk4Yk0g.JPEG%2F1.jpg%22&type=nf308_200&service=navermain
https://naver.com,https://s.pstatic.net/dthumb.phinf/?src=%22http%3A%2F%2Fblogfiles.naver.net%2FMjAyNTAxMjdfODQg%2FMDAxNzM3OTUyMDk5MjE0.ZDXqKILHrDS85UfVF7x9-KmrR5VMKlgMD87yYbzGMpwg.CDl1c2CRTZLOsxMjF_ay5iQyKee4s6CbrtEpoaCQHiwg.JPEG%2FSumpling_and_beef_bone01213.jpg%22&type=nf308_200&service=navermain
https://naver.com,https://s.pstatic.net/dthumb.phinf/?src=%22http%3A%2F%2Fblogfiles.naver.net%2FMjAyNTAyMDJfMTE5%2FMDAxNzM4NDg0MjM0NjUy.LlfN_jCXg1vIa42r7L0pUKJYH4RZb86Rzb-zdRjxrJkg.OvktDw1CpRRHga1oqAfsjaG8mAtbnm4FQBWgMEWU70sg.JPEG%2FIMG_0568.jpg%22&type=nf365_240&service=navermain
https://naver.com,https://s.pstatic.net/dthumb.phinf/?src=%22http%3A%2F%2Fblogfiles.naver.net%2FMjAyNTAyMDlfMSAg%2FMDAxNzM5MDcyOTA3MjA5.7aOoHK77AJt4lhT7A_nc-OGhLMvJ1Ywlo7pVX0EYgw0g.voC4OI0LFbD75aq2TGHpcWZkeKfnrEp3m-3slPW3pksg.JPEG%2FVegetable_Bibim022_bab_33_100.jpg%22&type=nf365_240&service=navermain
https://naver.com,https://s.pstatic.net/dthumb.phinf/?src=%22http%3A%2F%2Fblogfiles.naver.net%2FMjAyNTAyMTRfMTA1%2FMDAxNzM5NDczNDU0NDQy.an6xF4W9kvc7kqZT1WSgqANk5OGRuz8CGobpqLbai1Yg.wfhSzQKybj-bhsjG_53uRCV-stqzujX8cp5r02je51Ug.JPEG%2FkkIMG_6569.JPG%22&type=nf365_240&service=navermain
https://naver.com,https://s.pstatic.net/dthumb.phinf/?src=%22http%3A%2F%2Fblogfiles.naver.net%2FMjAyNTAyMTlfMjAg%2FMDAxNzM5OTc0MzE1NzA5.xj8fJAmLIqmD6yZXZzjpCvZo6L-N5A3ci0Ubif2mHeMg.5n6_kwdumXaU6pWQOlkW5tDEYmop79OOad_xFQq3hw8g.JPEG%2F1.JPG%22&type=nf365_240&service=navermain
https://naver.com,https://s.pstatic.net/dthumb.phinf/?src=%22http%3A%2F%2Fblogfiles.naver.net%2FMjAyNTAyMjRfMjk5%2FMDAxNzQwNDA3NDA4NDkw.jN1SbfwKbje9o-jp2MMnu1wM4va44-hWKZrNCFey27kg.qDb1QpjBULppSdTM559BZh80BRNv8i2P73cPy8nwuC4g.JPEG%2F5_%281%29.JPG%22&type=nf365_240&service=navermain
https://naver.com,https://s.pstatic.net/dthumb.phinf/?src=%22http%3A%2F%2Fblogfiles.naver.net%2FMjAyNTAzMDZfMTkg%2FMDAxNzQxMjI5MDg5MzI0.PX579_vYmSBwofHmAkrh-yp_7uTYMrGTnG_Uykk8OHgg.u70CpULjCMAt8zxs8yQYzA2qsRQl4sodRoBXOXXCaVAg.JPEG%2FKakaoTalk_20250306_113248975_16.jpg%22&type=nf308_200&service=navermain
https://naver.com,https://s.pstatic.net/dthumb.phinf/?src=%22http%3A%2F%2Fblogfiles.naver.net%2FMjAyNTAzMDhfNiAg%2FMDAxNzQxNDQzMDE4Njg1.xvXydLMc_3LZYDEiloAjj7N85GXQ3oDaoR-psAjgeYgg.5X4cemFf029smWuF9yJSCCWuyNv18GpmYakPUx4oyCkg.JPEG%2FIMG_5664.jpg%22&type=nf308_200&service=navermain
https://naver.com,https://s.pstatic.net/dthumb.phinf/?src=%22http%3A%2F%2Fblogfiles.naver.net%2FMjAyNTAzMDlfMjEw%2FMDAxNzQxNDc3ODM4NjE4.1wLpY6KLbFT1x9C2GuoXbirNDLMfxSmlVOpz24jOBjQg.KKapqPE_rK5BdlCVie-sSx7yZTSiplNkOyiaZRu-hhcg.JPEG%2FIMG_0651.JPG%22&type=nf308_200&service=navermain
https://naver.com,https://s.pstatic.net/dthumb.phinf/?src=%22http%3A%2F%2Fblogfiles.naver.net%2FMjAyNTAzMTdfMjA0%2FMDAxNzQyMTU4ODY3MzY1.P84i7G7ilvmseiaUTINCE1cXmPfwSpLF43p2nDY2c_0g.EXrcY_KVg4ecfOsgIu_SdXNfTcgzFq25YRC-gvaSP3gg.JPEG%2FKakaoTalk_20250222_095359424_11.jpg%22&type=nf308_200&service=navermain
https://naver.com,https://s.pstatic.net/dthumb.phinf/?src=%22http%3A%2F%2Fblogfiles.naver.net%2FMjAyNTAzMTdfMzMg%2FMDAxNzQyMTk3NDI2ODY5.NPkUWFxG7SIUX2NksIUjYhcq7BVUXXHKUP4XeYK3AfMg.QzNuLhXbwIqhcZsufmcEPhdCznVhl02r03G0DHkAjsAg.JPEG%2FDSC02418.JPG%22&type=nf308_200&service=navermain
https://naver.com,https://s.pstatic.net/dthumb.phinf/?src=%22http%3A%2F%2Fblogfiles.naver.net%2FMjAyNTAzMjFfMjM2%2FMDAxNzQyNTYyOTUwMzA5.AFzme8orEJ7pZz97YALz30j8JzHSOxw1WrjGwSDRBDMg.AwSgNluFBEN3exGra1LihnxqYdN9jFcubvWNdjhf6y0g.JPEG%2FDSC04457.JPG%22&type=nf365_240&service=navermain
https://naver.com,https://s.pstatic.net/dthumb.phinf/?src=%22http%3A%2F%2Fblogfiles.naver.net%2FMjAyNTAzMjhfMjky%2FMDAxNzQzMTI0ODY2NTgz.ZgoyoZQA2PXxiJIagiIpwN0qaEC61bnsQ8NWLCikynMg.wS8l_MrxAcuFnJqOOlCVPezuBV8o2skntvsFrnF-iPYg.JPEG%2FIMG_4058.jpg%22&type=nf365_240&service=navermain
https://naver.com,https://s.pstatic.net/dthumb.phinf/?src=%22http%3A%2F%2Fblogfiles.naver.net%2FMjAyNTAzMjlfMjAx%2FMDAxNzQzMTkxMTU1MjQ2.IligO48--A4WgOjYpl2ubbSdcv4ZcJeoKA_HxUjCmMEg.D_4OUuoVQRDdqf1jGeojWMdhGfKMZMPQG4LuU116jcog.JPEG%2Fbatch_207w.JPG%22&type=nf365_240&service=navermain
https://naver.com,https://s.pstatic.net/dthumb.phinf/?src=%22http%3A%2F%2Fblogfiles.naver.net%2FMjAyNTAzMjlfMjI5%2FMDAxNzQzMjQ5MjY4MDE2.xXNYGCkat_JBhxJK9QYWWlo-LpK9-odk4Gh_fA0veIQg.LvLt_9M59AeCnCrbBItEOt6x4OIqU3A_oCXWBCwP2cYg.JPEG%2FDSC01604.jpg%22&type=nf308_200&service=navermain
https://naver.com,https://s.pstatic.net/dthumb.phinf/?src=%22http%3A%2F%2Fblogfiles.naver.net%2FMjAyNTAzMjlfMjU3%2FMDAxNzQzMjAyNDIzNjg4._3Gys7QhYtt1Wd7VvAM31fdzPFJ5D_LuplhnYHHfiTgg.3-eOvOqnzpFIlLSHcJHioTls-D9alcTs17HLYCyje9Ug.JPEG%2F1000050978.jpg%22&type=nf308_200&service=navermain
https://naver.com,https://s.pstatic.net/dthumb.phinf/?src=%22http%3A%2F%2Fblogfiles.naver.net%2FMjAyNTAzMzBfMTcy%2FMDAxNzQzMzEwOTEzNTUw.STMfgaDt8zw3mXfvEnBNmjPdYW_wd-zp66KAwY5EpYEg.Fq_0ZwB8I8Pg-F-uFJReXOZs4oPfgssfzVrm_BP8lAEg.JPEG%2F900%EF%BC%BF20250328%EF%BC%BF112855.jpg%22&type=nf365_240&service=navermain
https://naver.com,https://s.pstatic.net/dthumb.phinf/?src=%22http%3A%2F%2Fblogfiles.naver.net%2FMjAyNTAzMzFfMjM0%2FMDAxNzQzMzg5NjUwODQy.1otcEWWJTQ-mJaBmZ2T3slriM19WYrd2w5ARez_dNMgg.yHV7Ow1EMcPw-wbcO57MZpYloQ8tFmCj6dVc-2WB1Ygg.JPEG%2F%EC%82%BC%EA%B3%84%ED%83%953.jpg%22&type=nf308_200&service=navermain
https://naver.com,https://s.pstatic.net/dthumb.phinf/?src=%22http%3A%2F%2Fblogfiles.naver.net%2FMjAyNTAzMzFfMzAw%2FMDAxNzQzNDAzODIxMjQ3.nORR8LOJR6O0zcJQzuCKLCuJz05Ux3iAcUaHbtzYeVAg.dUVMWTnmPQIZ7_nV87s4Gf0Jur230v0OkJHELW307cMg.JPEG%2Foutput_463803497.jpg%22&type=nf365_240&service=navermain
https://naver.com,https://s.pstatic.net/dthumb.phinf/?src=%22http%3A%2F%2Fblogpfthumb.phinf.naver.net%2F20111001_93%2Fbaby0817_1317395252415_Q0FM8Z_jpg%2Fcats.jpg%22&type=nf40_40&service=navermain
https://naver.com,https://s.pstatic.net/dthumb.phinf/?src=%22http%3A%2F%2Fblogpfthumb.phinf.naver.net%2F20121130_241%2Fkyoungmik_1354286779973luQ14_JPEG%2FSAM_8723.jpg%22&type=nf40_40&service=navermain
https://naver.com,https://s.pstatic.net/dthumb.phinf/?src=%22http%3A%2F%2Fblogpfthumb.phinf.naver.net%2F20150728_174%2Fh-chosun_1438050409574o35eJ_JPEG%2FhealthchosunCI_wht_sq.jpg%3Ftype%3Ds1%22&type=nf40_40&service=navermain
https://naver.com,https://s.pstatic.net/dthumb.phinf/?src=%22http%3A%2F%2Fblogpfthumb.phinf.naver.net%2F20151118_91%2Fkies84_1447826769906Cp9pH_JPEG%2Fttt.jpg%22&type=nf40_40&service=navermain
https://naver.com,https://s.pstatic.net/dthumb.phinf/?src=%22http%3A%2F%2Fblogpfthumb.phinf.naver.net%2F20160512_133%2Fmisoo0612_1463018273863p0RE0_JPEG%2FIMG_9459.jpg%22&type=nf40_40&service=navermain
https://naver.com,https://s.pstatic.net/dthumb.phinf/?src=%22http%3A%2F%2Fblogpfthumb.phinf.naver.net%2F20160617_20%2Fbongs1021_1466126167332UzPOp_JPEG%2F11gIMG_1343.jpg%22&type=nf40_40&service=navermain
https://naver.com,https://s.pstatic.net/dthumb.phinf/?src=%22http%3A%2F%2Fblogpfthumb.phinf.naver.net%2F20190719_7%2Fredzacal_1563523774631IGNsp_JPEG%2Fimage.jpg%22&type=nf40_40&service=navermain
https://naver.com,https://s.pstatic.net/dthumb.phinf/?src=%22http%3A%2F%2Fblogpfthumb.phinf.naver.net%2F20200723_71%2Fnaettee_1595514162920c7aOK_JPEG%2Fimage.jpg%22&type=nf40_40&service=navermain
https://naver.com,https://s.pstatic.net/dthumb.phinf/?src=%22http%3A%2F%2Fblogpfthumb.phinf.naver.net%2F20210706_135%2Flalacucina_16255565307814r6go_JPEG%2Fpastanote.jpg%22&type=nf40_40&service=navermain
https://naver.com,https://s.pstatic.net/dthumb.phinf/?src=%22http%3A%2F%2Fblogpfthumb.phinf.naver.net%2FMjAxNzA4MDJfMTQy%2FMDAxNTAxNjAxOTU3Mjgy.0k4h2w3tdnP8-gTWBCASEo3Qr3Dg2ycpPM_WG3OZD5Mg.z_nJjhnHZsvhkE1KNRj8aoWVdWHcNWUrxi_KUiJM1vUg.JPEG.jensksj%2FprofileImage.jpg%22&type=nf40_40&service=navermain
https://naver.com,https://s.pstatic.net/dthumb.phinf/?src=%22http%3A%2F%2Fblogpfthumb.phinf.naver.net%2FMjAxNzAyMjFfNzcg%2FMDAxNDg3NjczMDE3NjYy.wtEGO-bDiq7Hnw_Ubu4NS0pSveO8epTKn_YBdnClkxUg.NPe5QeGejp_YRqNyCHVOOgrrwCiDBzREwPvBh4EJJ6cg.JPEG.aldudcldud%2F%25B0%25C7%25B0%25AD%25BE%25C6%25C0%25CC%25B9%25E4%25BB%25F3.JPG%22&type=nf40_40&service=navermain
https://naver.com,https://s.pstatic.net/dthumb.phinf/?src=%22http%3A%2F%2Fblogpfthumb.phinf.naver.net%2FMjAyMDA3MDRfMTMw%2FMDAxNTkzODU2MjAzMDY3.RpoT4S6_ayZ66eMXvCi-jXDCQbDJnaeXGzRzVuLyIXMg.oBCtWOFq4KrgMmPeKtVfpeecjJeEI9xwMtEis6a313kg.JPEG.howmany70%2FKakaoTalk_20200513_120934106.jpg%22&type=nf40_40&service=navermain
https://naver.com,https://s.pstatic.net/dthumb.phinf/?src=%22http%3A%2F%2Fblogpfthumb.phinf.naver.net%2FMjAyMDA5MDZfMTQz%2FMDAxNTk5MzM1MjcxOTE1.pjW490H-bkFrYkVcPvCymIajkuhOBE2mcOA0_MhDA0Qg.25Sz7MA5kYv9SC8YqdOYX9gPsMibzp-5h2XEeA-HZoIg.PNG.cong1121%2FprofileImage.png%22&type=nf40_40&service=navermain
https://naver.com,https://s.pstatic.net/dthumb.phinf/?src=%22http%3A%2F%2Fblogpfthumb.phinf.naver.net%2FMjAyMTA0MTJfMTU4%2FMDAxNjE4MTYxNjg5ODQ0.5ETeVohsCFqJGIc7Ju19trLOEhRpW6RhL1570yfGkCsg._XIft_7Tt-1I1ayoEXcjt0ey8nqzUSzx9915adUedg8g.JPEG.wtiger5v%2F%25EB%258C%2580%25ED%2591%259C%25ED%2583%2580%25EC%259D%25B4%25ED%258B%2580.jpg%22&type=nf40_40&service=navermain
https://naver.com,https://s.pstatic.net/dthumb.phinf/?src=%22http%3A%2F%2Fblogpfthumb.phinf.naver.net%2FMjAyMTA3MDFfMzAg%2FMDAxNjI1MTM5MDE5NTEy.251VgdvleOVztmbMivfEbKRCQoPfkNpcfFEYMVv6ciUg.bLtjCuOe0dCzsXBuoSYxpyMFVfc-wvIZ3rXVP_ht_Okg.JPEG.peace8012%2FprofileImage.jpg%22&type=nf40_40&service=navermain
https://naver.com,https://s.pstatic.net/dthumb.phinf/?src=%22http%3A%2F%2Fblogpfthumb.phinf.naver.net%2FMjAyMTA3MzBfNzkg%2FMDAxNjI3NTk4MTg0MjI4.hE2Ooxs35dsaJO-0utbeHiCNDbbUIn0SOx9kTyTgOs4g.pdJtq0rheI2mTB5px0FUVxFKA84DShvYCwma8B-n1jwg.JPEG.gugu9416%2FKakaoTalk_20210719_075024489.jpg%22&type=nf40_40&service=navermain
https://naver.com,https://s.pstatic.net/dthumb.phinf/?src=%22http%3A%2F%2Fblogpfthumb.phinf.naver.net%2FMjAyMTAzMTFfMjk3%2FMDAxNjE1NDQzMzYyMzk1.a9CHCEcjSxBY_NDq6Yq8PQ2Tenovb0WL0dFZF48Qwz0g.hSNxcky9oxjjqmhqtRQX4NpG7VjOjSj1F05EmpqYjREg.JPEG.firehouse79%2FprofileImage.jpg%22&type=nf40_40&service=navermain
https://naver.com,https://s.pstatic.net/dthumb.phinf/?src=%22http%3A%2F%2Fblogpfthumb.phinf.naver.net%2FMjAyMjA4MzBfMjEw%2FMDAxNjYxODM1MDU0NDM1.40COCU7KSP9A15qqSzi-0KDKSp6rxOYbqWLuCNQFGWAg.Pg7keAGSiyC8ov8-fg1wf7xxruf4BaeJ18p1ar_A0lIg.JPEG.maringo0510%2F%25ED%2594%2584%25EB%25A1%259C%25ED%2595%2584.jpg%2F%25ED%2594%2584%25EB%25A1%259C%25ED%2595%2584.jpg%22&type=nf40_40&service=navermain
https://naver.com,https://s.pstatic.net/dthumb.phinf/?src=%22http%3A%2F%2Fblogpfthumb.phinf.naver.net%2FMjAyMjA5MTZfMjM3%2FMDAxNjYzMzA5OTc4Njgx.euvgZa2aZFZWRvK1XWZotaIbcjnfWDVno3hhKkGg3vsg.5b4A0DCUEdBDoJqntO5UdAVhaH-nAad4AvCQG5OebCEg.JPEG.patt98%2F%25ED%2594%2584%25EB%25A1%259C%25ED%2595%2584.jpg%2F%25ED%2594%2584%25EB%25A1%259C%25ED%2595%2584.jpg%22&type=nf40_40&service=navermain
https://naver.com,https://s.pstatic.net/dthumb.phinf/?src=%22http%3A%2F%2Fblogpfthumb.phinf.naver.net%2FMjAyMzA3MjdfNTYg%2FMDAxNjkwMzkyMjcwMzU1.o5DHCQzkPsPIhGAfTa6Olrh0vnH64axW0b0CVppBzDQg.1uxYMJio2sox3NuCjklMcqSJF3IOfVzU9_P7tbbBuxEg.JPEG.duswnekd00%2FprofileImage.jpg%22&type=nf40_40&service=navermain
https://naver.com,https://s.pstatic.net/dthumb.phinf/?src=%22http%3A%2F%2Fblogpfthumb.phinf.naver.net%2FMjAyMzA5MTNfMTI2%2FMDAxNjk0NTY3MzIxNDIz.Avy6iyepS1bP9sjWG4iF-K6wDcX5tDwSjvB1QoeCCqcg.P5H1qq7zlqJIMWMpVhTZOTDVXGj2mGx_M2bvOdkDR7Ug.JPEG.lafleur7%2FprofileImage.jpg%22&type=nf40_40&service=navermain
https://naver.com,https://s.pstatic.net/dthumb.phinf/?src=%22http%3A%2F%2Fblogpfthumb.phinf.naver.net%2FMjAyMzAyMDhfMTYz%2FMDAxNjc1ODEyMDQ2Njc0.kOMiwHQjfyjxjou0o8V3MsSDzdXmAajPAIXrljx3E68g.e8hY3aZmp0dJDVZJmJTgXksF_MlTND6CHEEHyzisJWEg.PNG.tina-soulfood%2FprofileImage.png%22&type=nf40_40&service=navermain
https://naver.com,https://s.pstatic.net/dthumb.phinf/?src=%22http%3A%2F%2Fblogpfthumb.phinf.naver.net%2FMjAyMzAzMjhfMTg4%2FMDAxNjc5OTg1MDQ0NTA2._4Uh0WZ6jKNZPbWdud6PEIrIOJJ2fN90grffJS7OvKEg.0lkOCyE6M0iWNnupm9UpaHD0wf0W_CgNfk3Vw8-TJvog.PNG.themagnetism%2FprofileImage.png%22&type=nf40_40&service=navermain
https://naver.com,https://s.pstatic.net/dthumb.phinf/?src=%22http%3A%2F%2Fblogpfthumb.phinf.naver.net%2FMjAyMzEwMDJfNzQg%2FMDAxNjk2MjA4MjA4MDQ3.ZK3nG7lBZp50XFnTM_o3SwEBGgCw89A2jwg0IS904xEg.PoHiJa1-kQsRpXFnoQrT-YowPhQ_eHCondiIdDRdrkog.JPEG.smju0801%2FKakaoTalk_20231002_095610012.jpg%2FKakaoTalk_20231002_095610012.jpg%22&type=nf40_40&service=navermain
https://naver.com,https://s.pstatic.net/dthumb.phinf/?src=%22http%3A%2F%2Fblogpfthumb.phinf.naver.net%2FMjAyMzExMDFfMTM1%2FMDAxNjk4ODQzMTc5NzY4.K42qhnSB6UEjDBM_K5Assl2-cpU-RCvhfg-sbuGZGVIg.e5fYGA6cRPoWYNaoM-8KvF1WyD57fQVXGdgyMWjZDkAg.JPEG.key0034%2F0.JPG%2F0.JPG%22&type=nf40_40&service=navermain
https://naver.com,https://s.pstatic.net/dthumb.phinf/?src=%22http%3A%2F%2Fblogpfthumb.phinf.naver.net%2FMjAyNDA0MjVfMjAy%2FMDAxNzE0MDA2Njc5MTAz.BkExmfCNvUsKJBvmizcHTRvp24Kt2xjYXZImywv8HP8g.1feTTvEgwdrace26Kzz3sdGbXFnL5eTuxfHuA6-eZN8g.JPEG%2FKakaoTalk_20240420_234647467_01.jpg%22&type=nf40_40&service=navermain
https://naver.com,https://s.pstatic.net/dthumb.phinf/?src=%22http%3A%2F%2Fblogpfthumb.phinf.naver.net%2FMjAyNDA1MjVfMTg0%2FMDAxNzE2NjM0NTY0NjI0.Cenbujt5kTprSwWW3hFlse-5bBXjPkXBu2BxHk5UBegg.AKLEzdg2FfGFK_nH1eGObeYcwV7IRnI9RwxOEWSuymEg.JPEG%2F31682400_1675837139120838_6205084754704172552_n.jpg%2F31682400_1675837139120838_6205084754704172552_n.jpg%22&type=nf40_40&service=navermain
https://naver.com,https://s.pstatic.net/dthumb.phinf/?src=%22http%3A%2F%2Fblogpfthumb.phinf.naver.net%2FMjAyNDA1MjVfMTgg%2FMDAxNzE2NjQ2NTgyMTE2.Q5JeACUb9DlDAdy5HjvoXvSEzZUFC5qkNM2JGWAITHkg.MN2vtD6QzwteaFSMb26VbxILABl6_xpd-nVhG2yXmpUg.JPEG%2FprofileImage.jpg%22&type=nf40_40&service=navermain
https://naver.com,https://s.pstatic.net/dthumb.phinf/?src=%22http%3A%2F%2Fblogpfthumb.phinf.naver.net%2FMjAyNDA2MjNfMjk4%2FMDAxNzE5MTAyNjQ1MTQ4.F4kbxbLytDjBOEZTuyAdo_3jhbP4XjPGCPiBzTRUqTEg.Woq58AWqEwp3gr7wZvYvIt-PCpAxCkrTUQdhH3SlWHUg.PNG%2FprofileImage.png%22&type=nf40_40&service=navermain
https://naver.com,https://s.pstatic.net/dthumb.phinf/?src=%22http%3A%2F%2Fblogpfthumb.phinf.naver.net%2FMjAyNDA3MTZfMjEw%2FMDAxNzIxMDk0ODIxNDU3.udKRm9bDRK1fPU6MSt1Uuy3-YLxa-2NHVhGq8_1Sj9Qg.w1MLNDVFy8hFw6ER-7Wsgw9IlAKyw_3f8kx8pmGpzPIg.JPEG%2FIMG_7200.JPG%2FIMG_7200.JPG%22&type=nf40_40&service=navermain
https://naver.com,https://s.pstatic.net/dthumb.phinf/?src=%22http%3A%2F%2Fblogpfthumb.phinf.naver.net%2FMjAyNDA3MjRfMjg1%2FMDAxNzIxODI1NjE0OTUz.jIJrVwi4vTknOlHbeyzjd7CTf9o_2U4xSrs8Or1QS9cg.PhsSLTRwShvvd31Cgc_Ia1XYcoJARe5pWOZFgrQPZgcg.JPEG%2F11.jpg%2F11.jpg%22&type=nf40_40&service=navermain
https://naver.com,https://s.pstatic.net/dthumb.phinf/?src=%22http%3A%2F%2Fblogpfthumb.phinf.naver.net%2FMjAyNDA3MjhfMTE5%2FMDAxNzIyMTQ5MjAwODA2.9lUrYHsc6LdsVIX00gYPkd6Gqi0ZOh0ZWUMEaXRI6TQg.QDxw-m1QiH8BKJlS0Y8YtgY2bETir2NR55VKuF-r1yYg.JPEG%2F%25ED%2581%25AC%25EA%25B8%25B0%25EB%25B3%2580%25ED%2599%2598%25ED%2594%2584%25EB%25A1%259C%25ED%2595%2584%25EC%2582%25AC%25EC%25A7%2584.jpg%2F%255B%25ED%2581%25AC%25EA%25B8%25B0%25EB%25B3%2580%25ED%2599%2598%255D%25ED%2594%2584%25EB%25A1%259C%25ED%2595%2584%25EC%2582%25AC%25EC%25A7%2584.jpg%22&type=nf40_40&service=navermain
https://naver.com,https://s.pstatic.net/dthumb.phinf/?src=%22http%3A%2F%2Fblogpfthumb.phinf.naver.net%2FMjAyNDAyMjJfMjAg%2FMDAxNzA4NTgyNjM2MDQw.StmbaIDr-6ncSBloTULlUzZyHt4xjcZq6viY8813x4Eg.W672jIFh32P8xAXuVOBXO3fvqha-o8PVha-JIwBC4hEg.GIF%2FV.gif%2FV.gif%22&type=nf40_40&service=navermain
https://naver.com,https://s.pstatic.net/dthumb.phinf/?src=%22http%3A%2F%2Fblogpfthumb.phinf.naver.net%2FMjAyNDEwMTJfMjQ2%2FMDAxNzI4NzA4MDU0OTU2.76CmNGSWDbW_gS04lbkFTTirDkFoeQf3i1b3UGlPrFkg.jQfSnm0-S1Jn1mSlo7PDfyPompUonEWroRjxRBt6XAQg.JPEG%2FprofileImage.jpg%22&type=nf40_40&service=navermain
https://naver.com,https://s.pstatic.net/dthumb.phinf/?src=%22http%3A%2F%2Fblogpfthumb.phinf.naver.net%2FMjAyNTA0MDJfMTU5%2FMDAxNzQzNTc4OTMzOTA2.TDQaijk6ZxwcOZpje6pu9eUNlBJ0Fq3hoRRx4nlhgAog.DkswWPAcybO04tkpThSSXiRAuOmF1FhitJwdMeguqQUg.PNG%2FprofileImage.png%22&type=nf40_40&service=navermain
https://naver.com,https://s.pstatic.net/dthumb.phinf/?src=%22http%3A%2F%2Fblogpfthumb.phinf.naver.net%2FMjAyNTAxMDdfOTMg%2FMDAxNzM2MjI5NTEyMTUx.gzfFPoQzOUV7vvnt-7EufdfAya40ln0lo2HNWFArPA8g.q2jN_2lvSheDerZEarPcDJ49MPYjJuV0kcl-Bxg0WYAg.PNG%2F%25ED%258E%2598%25EB%25B6%2581_%25ED%2594%2584%25EB%25A1%259C%25ED%2595%2584.png%2F%2525ED%25258E%252598%2525EB%2525B6%252581%252B%2525ED%252594%252584%2525EB%2525A1%25259C%2525ED%252595%252584.png%3Ftype%3Ds1%22&type=nf40_40&service=navermain
https://naver.com,https://s.pstatic.net/dthumb.phinf/?src=%22http%3A%2F%2Fblogpfthumb.phinf.naver.net%2FMjAyNTAxMDlfOTEg%2FMDAxNzM2Mzg4NTQ4MjA2.Qqt4SIbwp8j0MbGx2_gruXZ6nxq9H_xH7lxO6yX4lwkg.mdf5xDU5MUTGoYJZpHCbFd510jIeC4hiULtjpyK4Cv4g.JPEG%2F%25EC%259D%25B8%25ED%258F%25AC%25ED%2581%25AC%25EB%25A7%2581%25ED%2581%25AC_%25EB%25B0%25B0%25EA%25B2%25BD.jpg%2F%2525EC%25259D%2525B8%2525ED%25258F%2525AC%2525ED%252581%2525AC%2525EB%2525A7%252581%2525ED%252581%2525AC%252B%2525EB%2525B0%2525B0%2525EA%2525B2%2525BD.jpg%3Ftype%3Ds1%22&type=nf40_40&service=navermain
https://naver.com,https://s.pstatic.net/dthumb.phinf/?src=%22http%3A%2F%2Fblogpfthumb.phinf.naver.net%2FMjAyNTAyMTBfMTAg%2FMDAxNzM5MTUyMjg5NDg4.hOnvfeEEOnOk5WPLxHlD1gGc8NS6Vag7EWnGxA60T8wg.IT3Uh6onqKKzYzrWgqw7w0qwHwVgmHCv45Qayxpp00cg.JPEG%2FprofileImage.jpg%3Ftype%3Ds1%22&type=nf40_40&service=navermain
https://naver.com,https://s.pstatic.net/dthumb.phinf/?src=%22http%3A%2F%2Fblogpfthumb.phinf.naver.net%2FMjAyNTAzMjlfMTgg%2FMDAxNzQzMjQ5NTUwNjE4.9DHZ0ptGDeM_x5BKgbS_tLqXpQY6zvdZLUspOH9tfjIg.vaYRkfD6cT2tzpoi4RB28-NRRTS-bnDEDrNkNYFXkr8g.PNG%2FChatGPT_Image_2025%25EB%2585%2584_3%25EC%259B%2594_29%25EC%259D%25BC_%25EC%2598%25A4%25ED%259B%2584_08_58_45.png%2FChatGPT%2BImage%2B2025%25EB%2585%2584%2B3%25EC%259B%2594%2B29%25EC%259D%25BC%2B%25EC%2598%25A4%25ED%259B%2584%2B08_58_45.png%22&type=nf40_40&service=navermain
https://naver.com,https://s.pstatic.net/dthumb.phinf/?src=%22https%3A%2F%2Fblogpfthumb-phinf.pstatic.net%2F20230501_4%2Fshhsej22_1682949211325gR6HV_PNG%2FprofileImage.png%22&type=nf40_40&service=navermain
https://naver.com,https://s.pstatic.net/dthumb.phinf/?src=%22https%3A%2F%2Fblogpfthumb-phinf.pstatic.net%2FMjAxODA4MzFfMTIy%2FMDAxNTM1Njc1NzkxNzUx.kTWjwojqZiG0F8a5q-jrumGRCqSWbxsKsev2G-ZTN9Mg.IXXu2DsAP4OFAvfb_GqUkaOzXD3-nECJmtlfF-isEZQg.JPEG.totos1207%2Ftt.jpg%22&type=nf40_40&service=navermain
https://naver.com,https://s.pstatic.net/dthumb.phinf/?src=%22https%3A%2F%2Fblogpfthumb-phinf.pstatic.net%2FMjAyNDA0MjZfMjI2%2FMDAxNzE0MTI4ODE4NzAz.eTrxNWKwhoPcz0s_PRHDxO2HhV7DIHRAs498k5LYQTog.0bL9956ZHnA3mlI0HqXutY2udXx-nYoA5pNXWdG4XnIg.PNG%2Fimage.png%22&type=nf40_40&service=navermain
https://naver.com,https://s.pstatic.net/dthumb.phinf/?src=%22https%3A%2F%2Fhomebuilder-phinf.pstatic.net%2F%2FMjAyMTEwMjdfMTc4%2FMDAxNjM1MzI5MzQ1MjIy.cFupeJtdRLpHntkriJ6KX-uOTmus2gNHfMMRxZu0GO0g.sKK1B6evZF4AOlsSF_dIrfjz2D4K4OYeoggCubqcLBwg.JPEG%2F1635329345195_IMG_20210410_212737_710.jpg%22&type=nf40_40&service=navermain
https://naver.com,https://s.pstatic.net/dthumb.phinf/?src=%22https%3A%2F%2Fhomebuilder-phinf.pstatic.net%2FMjAyMjA0MTJfNyAg%2FMDAxNjQ5NzY4MDQ5NjQw.Fpi0_HVQ8fIJ4qb5ywxkdA-mT9z__EZiDyfETsZn3Tkg.pwN2uQglAx4vJwjN6d1GNwC4uAO1evknlMtTnmHt6Nwg.JPEG%2F1649768049624_8C6804F3-AEE4-4094-A081-EC193F05269A.jpeg%22&type=nf40_40&service=navermain
https://naver.com,https://s.pstatic.net/dthumb.phinf/?src=%22https%3A%2F%2Fhomebuilder-phinf.pstatic.net%2FMjAyMjA5MDFfMTQ0%2FMDAxNjYxOTk2OTU4MTk1.TVv9P9MBhwLziK__L2xcKZzzeOvKfMPwmIbfitgQUJcg.ac_od1IyUVL3yQyaXizU7y4Tx8ha2ufgBxUcZellbJMg.JPEG%2F1661996958173_Screenshot_20220901_104837.jpg%22&type=nf40_40&service=navermain
https://naver.com,https://s.pstatic.net/dthumb.phinf/?src=%22https%3A%2F%2Fhomebuilder-phinf.pstatic.net%2FMjAyMjAyMjVfMTU4%2FMDAxNjQ1NzkwNzQ5NTI4.WgtHL0c_WXi9YSNoN8Geps7AAReknhdyxhSy6biTmXgg.ZmcIcjV-dVicowt5eE_-1EAGCyvjeS8rf83ftaQDjUgg.JPEG%2F1645790749497_breakfast-g64b0b248a_1920.jpg%22&type=nf40_40&service=navermain
https://naver.com,https://s.pstatic.net/dthumb.phinf/?src=%22https%3A%2F%2Fhomebuilder-phinf.pstatic.net%2FMjAyMzA2MjBfMTY4%2FMDAxNjg3MjM0NTUzODI2.jaLvcbF-OGX1vgLEI83YiLGD5ayYcz7beEkGWvSzpNgg.lq1FaBmD8I11VXKdi7AzH3tldbpeRBoIeC8DA4HaTt8g.JPEG%2F1687234553784_IMG_1381.jpeg%22&type=nf40_40&service=navermain
https://naver.com,https://s.pstatic.net/dthumb.phinf/?src=%22https%3A%2F%2Fhomebuilder-phinf.pstatic.net%2FMjAyMzA3MTVfMTM5%2FMDAxNjg5NDMxNzY2NTI4.yJlGtjUJZd8s9j8l5Aejhk51Cn7h2uDNh7169NFFtlYg.ZkgRDxkW4r8EDR5jutVy6LqM69LEZpflwBUdL8LaMOEg.JPEG%2F1689431766501_SNOW_20230313_170822_611.jpg%22&type=nf40_40&service=navermain
https://naver.com,https://s.pstatic.net/dthumb.phinf/?src=%22https%3A%2F%2Fhomebuilder-phinf.pstatic.net%2FMjAyMzA3MjZfMTQ1%2FMDAxNjkwMzAwMzE0NTUy.9Y9HhzAlnaFVWXwWCRDaWhXWnZypiT6qPnSHDBjkWfUg.tsVK3L_jKM0OaVhQ5qtvQbXYYfbDIFwT_4mA-AMFbEsg.JPEG%2F1690300314364_%25ED%2585%258C%25EC%259D%25B4%25EB%25B8%2594%25EA%25B5%25BF.jpg%22&type=nf40_40&service=navermain
https://naver.com,https://s.pstatic.net/dthumb.phinf/?src=%22https%3A%2F%2Fhomebuilder-phinf.pstatic.net%2FMjAyMzAxMjBfMjIw%2FMDAxNjc0MjE3MDExNTY0.RRhhJHmJKeueSKAtfOJVqiCYNxo74Cd36rK7KTBtHs4g.J9QzP4Bd-C65AzQpwXhEOCWYXh7dYjlZk_TmzIHJwicg.JPEG%2F1674217011545_IMG_7606.JPG%22&type=nf40_40&service=navermain
https://naver.com,https://s.pstatic.net/dthumb.phinf/?src=%22https%3A%2F%2Fhomebuilder-phinf.pstatic.net%2FMjAyMzAyMjhfMzcg%2FMDAxNjc3NTgwNzMyMDYz.thkbtTrH6ZKRWwIy5VKdM-ssAW5vImvkW2hIiTq-mccg.LcJQfGTURhwks4otxsRyvg5IQmjxsGqF9SDXEkhN2tAg.JPEG%2F1677580732010_E0F1DA90-9C06-4A55-A9C2-343D2A7B1069.jpeg%22&type=nf40_40&service=navermain
https://naver.com,https://s.pstatic.net/dthumb.phinf/?src=%22https%3A%2F%2Fhomebuilder-phinf.pstatic.net%2FMjAyMzEwMTBfMTg4%2FMDAxNjk2ODg5OTYzNjg3.fOtYS_4ahO1YMKiOZSGhTX3rZylj9ZfK8vCDtMb3nB8g.ureovlnIkcSMSIgYgTndD6f5YYpcPgAB24E66ONcSXYg.PNG%2F1696889963670_%25EC%259C%25A0%25ED%258A%259C%25EB%25B8%258C_%25EB%25A7%2588%25ED%2581%25AC.png%22&type=nf40_40&service=navermain
https://naver.com,https://s.pstatic.net/dthumb.phinf/?src=%22https%3A%2F%2Fhomebuilder-phinf.pstatic.net%2FMjAyMzExMjFfODUg%2FMDAxNzAwNTU2NzQzNTA3.vJYl1wVS6XUZ4DXv-9T1oZUj0Djp_WG5UuNNmEVwggYg.Q7BiUFRqM-2LiR6w7UV1SLK0Ox3j0rkkXaPDYOImzvAg.JPEG%2F1700556743337_1000058451.jpg%22&type=nf40_40&service=navermain
https://naver.com,https://s.pstatic.net/dthumb.phinf/?src=%22https%3A%2F%2Fhomebuilder-phinf.pstatic.net%2FMjAyNDA0MDRfMjAx%2FMDAxNzEyMTkzNTk1OTc3.xNc6pQZc6JaGEZaRY7DvLFgkxvqjo4ThQQVfnsTyfWMg.SBdDGYDKQGd8QTuoDvamTVqLmU24MAZFoRq5C9JpjnEg.JPEG%2F1712193595967_1000033532.jpg%22&type=nf40_40&service=navermain
https://naver.com,https://s.pstatic.net/dthumb.phinf/?src=%22https%3A%2F%2Fhomebuilder-phinf.pstatic.net%2FMjAyNTAzMTdfMTM1%2FMDAxNzQyMTgxMzUyNTA1.BCMz2ANTD45JDUCR7ixGIu_pmNZ7cpdU6psr89AwnOYg.RCLoHCGb3lxEzoX__alaxo2juLbZ9Ms-R-cB0sBP4HIg.JPEG%2F1742181352492_Screenshot_20220311-104446_Instagram.jpg%22&type=nf40_40&service=navermain
https://naver.com,https://s.pstatic.net/dthumb.phinf/?src=%22https%3A%2F%2Finfluencer-phinf.pstatic.net%2FMjAyMDA1MDVfNjcg%2FMDAxNTg4NjA2OTIzMTEx.JGYARQ8tGBW0H2aqEb6i5MvqWz9AOMlBOa9EM9ybRJQg.IRg7Fot-SwT4T-Rog9Vty-cZY87OaN19VM6eBnHs_xwg.JPEG%2F22.JPG%22&type=nf40_40&service=navermain
https://naver.com,https://s.pstatic.net/dthumb.phinf/?src=%22https%3A%2F%2Finfluencer-phinf.pstatic.net%2FMjAyNTA0MDFfMTE5%2FMDAxNzQzNTEwMjk2NzM0.eFzUt6Kphu02FESCZ13c-cmXiWXcI17ax2mOeiMdF7Ug.encXqpAjccYSepaB_L1HoxS9cZHqs7RRve88xS7vMuYg.PNG%2F59a3.png%22&type=nf365_240&service=navermain
https://naver.com,https://s.pstatic.net/dthumb.phinf/?src=%22https%3A%2F%2Finfluencer-phinf.pstatic.net%2FMjAyNTA0MDFfMTc0%2FMDAxNzQzNDY1ODEyNTU1.RipvI3mBli-dJibPuXMEncr3zVXITfnx4onRNb_WWukg.1G0o05-wXPCWZa98osg2uq1JpWeNwQjGdfb1gLWcOJcg.PNG%2Fbe7f.png%22&type=nf365_240&service=navermain
https://naver.com,https://s.pstatic.net/dthumb.phinf/?src=%22https%3A%2F%2Finfluencer-phinf.pstatic.net%2FMjAyNTA0MDFfMjM1%2FMDAxNzQzNTEwOTQ3NDUw.zckXXq0487w4XKdlfzB1PIPl_wgzNrwkSnOBtdcU6eEg.GamUNhK0OW11NQ8KSGFDeiSPi1-JmU55rOCYBeMMAlIg.PNG%2F6f04.png%22&type=nf365_240&service=navermain
https://naver.com,https://s.pstatic.net/dthumb.phinf/?src=%22https%3A%2F%2Finfluencer-phinf.pstatic.net%2FMjAyNTA0MDFfMjg0%2FMDAxNzQzNTE3NjY3Nzkw.Ftw43VIQv0m77NonEzeBGhtQY22DZT3wYW1cJYCaHtcg.hi5y2UdxeLSxAEMStK6_P5_zjmkuk02LQeuacsWMRDAg.PNG%2Fbdee.png%22&type=nf365_240&service=navermain
https://naver.com,https://s.pstatic.net/dthumb.phinf/?src=%22https%3A%2F%2Finfluencer-phinf.pstatic.net%2FMjAyNTA0MDFfMjg4%2FMDAxNzQzNDcwNjkxNzMy.OAARppbcvyjuHehzfvAFItjSNLFbIxwdhNP8F725LIcg.8_f0YLFhjCPidkx1JkhwqkpCQrahbo732RnLklMyzKkg.PNG%2Fdfbf.png%22&type=nf365_240&service=navermain
https://naver.com,https://s.pstatic.net/dthumb.phinf/?src=%22https%3A%2F%2Finfluencer-phinf.pstatic.net%2FMjAyNTA0MDFfNjMg%2FMDAxNzQzNDgzNTkzODY1.wxID9OEn4iw6zQpofeOKhGMsWHZ7my_PZO6rAPJERzog.XhQUnEfJqE_FbAWKpBlwFEExhI-7FXY4bYYwqs2ssJUg.PNG%2F3760.png%22&type=nf365_240&service=navermain
https://naver.com,https://s.pstatic.net/dthumb.phinf/?src=%22https%3A%2F%2Finfluencer-phinf.pstatic.net%2FMjAyNTA0MDJfMjk3%2FMDAxNzQzNTUzOTUzMzE2.A6b_GvT9zp48O9bjrf8-V-WS5OV_Nt9voNkwJlyK3Gwg.48ZIk8EFSoEgY_dZlXcKTaCLpYIQ1vOJOngN7fMHdbUg.PNG%2Ff733.png%22&type=nf365_240&service=navermain
https://naver.com,https://s.pstatic.net/dthumb.phinf/?src=%22https%3A%2F%2Finfluencer-phinf.pstatic.net%2FMjAyNTA0MDNfMTE2%2FMDAxNzQzNjgwMzUwNzEz.AgatCTZkFyPyFE3QDsubYJeZSKqsbH4HU3SAJK_TNacg.WWjaOxjRiy-ccGEv36NWrRkZchkP04i-W4q8efChZs0g.PNG%2Fe71b.png%22&type=nf365_240&service=navermain
https://naver.com,https://s.pstatic.net/dthumb.phinf/?src=%22https%3A%2F%2Finfluencer-phinf.pstatic.net%2FMjAyNTA0MDNfMTIg%2FMDAxNzQzNjY3MzkxNzIy.n9lKwKfgnfBYscQumIYln_-qVdkK5C3G9YDui3Wa3NEg.j7oAbidFhuXhVs6nF3eyGuLUoN0GftcBSt8NJyjn5ncg.PNG%2F607d.png%22&type=nf365_240&service=navermain
https://naver.com,https://s.pstatic.net/dthumb.phinf/?src=%22https%3A%2F%2Finfluencer-phinf.pstatic.net%2FMjAyNTA0MDNfMTU3%2FMDAxNzQzNjgwMTM4NDk3.9MRGK63rywjtV4_aVxlo_bv_ehIfyqmZrasEAtoy8NUg.Br_gX_W8lH2FNloJuP7PbWiv0UUvE5wtrFO6IhmTJjwg.PNG%2F2678.png%22&type=nf365_240&service=navermain
https://naver.com,https://s.pstatic.net/dthumb.phinf/?src=%22https%3A%2F%2Finfluencer-phinf.pstatic.net%2FMjAyNTA0MDNfODUg%2FMDAxNzQzNjg2NzMwNTEx.U1EpAJdYO4f6X12vs3P9elhAtuuqdETN0BBwYkJltNUg.t5VnwAG_44RH-GKniBpjUiMROwLIxo0m2dwrm1vk9OMg.PNG%2F647f.png%22&type=nf365_240&service=navermain
https://naver.com,https://s.pstatic.net/dthumb.phinf/?src=%22https%3A%2F%2Finfluencer-phinf.pstatic.net%2FMjAyNTA0MDRfMTc3%2FMDAxNzQzNzU2MzA4MDUx.-jGPbYE3FhqXc919vnOiHCu-20vje9JkSrhRtIvPUiEg.VzF9zbH7Em3EcvlNSkeQIkTDb_x86P9MRvXoAP3_QN4g.PNG%2F9ed2.png%22&type=nf365_240&service=navermain
https://naver.com,https://s.pstatic.net/dthumb.phinf/?src=%22https%3A%2F%2Finfluencer-phinf.pstatic.net%2FMjAyNTA0MDVfMTE4%2FMDAxNzQzNzc5MzI4NTM4.JGqyddOINRmfGUkHDSgcVRTwKWP3yIsiG02wgsMFIN4g.5PldpvoUKmYIco8aZxInHWpA39hw_hD3icb2GZQmJCog.PNG%2Fcbb6.png%22&type=nf365_240&service=navermain
https://naver.com,https://s.pstatic.net/dthumb.phinf/?src=%22https%3A%2F%2Finfluencer-phinf.pstatic.net%2FMjAyNTA0MDVfMTU2%2FMDAxNzQzNzgwMzMxMDIw.aNFhR96bMIj8kIze9dzAWWN4c3j-xdJJp1JZ3gIjZ5Mg.gMxlINaB8GQsw60ahVsTatbm7IT1xYstrnGUbSmP1hwg.PNG%2F9565.png%22&type=nf365_240&service=navermain
https://naver.com,https://s.pstatic.net/dthumb.phinf/?src=%22https%3A%2F%2Finfluencer-phinf.pstatic.net%2FMjAyNTA0MDVfMjc1%2FMDAxNzQzODMzNTU2MjU5.a8ZZeiC0axuLwt3r68vkBWTcpxEoNBU73Lg9C35xS08g.dpHS6LpBPPuffNZS_aLm6Lj_GZvDVDtVwnzfAHeUrqkg.PNG%2F755f.png%22&type=nf365_240&service=navermain
https://naver.com,https://s.pstatic.net/dthumb.phinf/?src=%22https%3A%2F%2Finfluencer-phinf.pstatic.net%2FMjAyNTA0MDVfOTQg%2FMDAxNzQzODQ3ODk0NzA2.QjTyDXipxtrDKOxSBSIt65CcKH_sI8Dhged6DyDOOL8g.aOw-0QvAcv94tJ9L385-qqp0TBo5hCKKsFOkrf1MWeMg.PNG%2F716e.png%22&type=nf365_240&service=navermain
https://naver.com,https://s.pstatic.net/dthumb.phinf/?src=%22https%3A%2F%2Finfluencer-phinf.pstatic.net%2FMjAyNTAzMTlfMjkg%2FMDAxNzQyMzkwMjY2OTUy.KuXhC-MUbWLQOOBbVlPJi-Az87_2Y4MLUNfSF9v1RQcg.qcMFDGo3i93yXAWqeR7aFq5D-yN8qg9Mf8CPyUe25pog.PNG%2Fa940.png%22&type=nf365_240&service=navermain
https://naver.com,https://s.pstatic.net/dthumb.phinf/?src=%22https%3A%2F%2Finfluencer-phinf.pstatic.net%2FMjAyNTAzMzFfMjM0%2FMDAxNzQzMzc1ODgzNjA4.-QPuPK1Z6_4-wTyaBnzpvMmd-AvBBce4Oh2a_GSoVSUg.Dy6qGQtaUwVPWBp6HdfATAVQ9sbafMVfz09SQau5XL4g.PNG%2F5446.png%22&type=nf365_240&service=navermain
https://naver.com,https://s.pstatic.net/dthumb.phinf/?src=%22https%3A%2F%2Finfluencer-phinf.pstatic.net%2FMjAyNTAzMzFfMjUz%2FMDAxNzQzNDEwMzA3NjA4.TBw8Lga4_S5ZsMy_SMGrLGBk6znEek2sENIqS9NlOtMg.sFG8QN9GpGpyMyMjyw2bozGLGrERxDviYX3oXkHCUZIg.PNG%2Ffd6c.png%22&type=nf365_240&service=navermain
https://naver.com,https://s.pstatic.net/dthumb.phinf/?src=%22https%3A%2F%2Finfluencer-phinf.pstatic.net%2FMjAyNTAzMzFfNjQg%2FMDAxNzQzMzg5MzgzNDgw.AYbxdijaKWYEZM61ppwtdcJJfte2dZvdE-vK12tcGYsg.ektOamtnLmNqK5d9Tn6HiSh_OGebXvp2Tzt_vqo0urog.PNG%2F0e75.png%22&type=nf365_240&service=navermain
https://naver.com,https://s.pstatic.net/dthumb.phinf/?src=%22https%3A%2F%2Fs.pstatic.net%2Fstatic%2Fwww%2Fmobile%2Fedit%2F20250403_1095%2Fupload_1743658624446yEDcH.JPEG%22&type=nf365_240&service=navermain
https://naver.com,https://s.pstatic.net/dthumb.phinf/?src=%22https%3A%2F%2Fs.pstatic.net%2Fstatic%2Fwww%2Fmobile%2Fedit%2F20250403_1095%2Fupload_1743658689898EbWAT.JPEG%22&type=nf365_240&service=navermain
https://naver.com,https://s.pstatic.net/dthumb.phinf/?src=%22https%3A%2F%2Fs.pstatic.net%2Fstatic%2Fwww%2Fmobile%2Fedit%2F20250404_1095%2Fupload_1743755180499uJOp1.JPEG%22&type=nf365_240&service=navermain
https://naver.com,https://s.pstatic.net/dthumb.phinf/?src=%22https%3A%2F%2Fs.pstatic.net%2Fstatic%2Fwww%2Fmobile%2Fedit%2F20250404_1095%2Fupload_1743755224369f3aJd.JPEG%22&type=nf365_240&service=navermain
https://naver.com,https://s.pstatic.net/dthumb.phinf/?src=%22https%3A%2F%2Fs.pstatic.net%2Ftvcast.phinf%2F20230305_227%2FaD17P_16779819632429bWB6_JPEG%2F1677981963096.jpg%22&type=nf40_40&service=navermain
https://naver.com,https://s.pstatic.net/dthumb.phinf/?src=%22https%3A%2F%2Fs.pstatic.net%2Ftvcast.phinf%2F20250403_239%2FR1CSq_1743671984397UpIc6_JPEG%2Fimage.jpg%22&type=nf365_240&service=navermain
https://naver.com,https://s.pstatic.net/static/newsstand/2020/logo/dark/0604/008.png
https://naver.com,https://s.pstatic.net/static/newsstand/2020/logo/dark/0604/009.png
https://naver.com,https://s.pstatic.net/static/newsstand/2020/logo/dark/0604/013.png
https://naver.com,https://s.pstatic.net/static/newsstand/2020/logo/dark/0604/014.png
https://naver.com,https://s.pstatic.net/static/newsstand/2020/logo/dark/0604/015.png
https://naver.com,https://s.pstatic.net/static/newsstand/2020/logo/dark/0604/016.png
https://naver.com,https://s.pstatic.net/static/newsstand/2020/logo/dark/0604/018.png
https://naver.com,https://s.pstatic.net/static/newsstand/2020/logo/dark/0604/020.png
https://naver.com,https://s.pstatic.net/static/newsstand/2020/logo/dark/0604/021.png
https://naver.com,https://s.pstatic.net/static/newsstand/2020/logo/dark/0604/022.png
https://naver.com,https://s.pstatic.net/static/newsstand/2020/logo/dark/0604/024.png
https://naver.com,https://s.pstatic.net/static/newsstand/2020/logo/dark/0604/029.png
https://naver.com,https://s.pstatic.net/static/newsstand/2020/logo/dark/0604/030.png
https://naver.com,https://s.pstatic.net/static/newsstand/2020/logo/dark/0604/031.png
https://naver.com,https://s.pstatic.net/static/newsstand/2020/logo/dark/0604/032.png
https://naver.com,https://s.pstatic.net/static/newsstand/2020/logo/dark/0604/038.png
https://naver.com,https://s.pstatic.net/static/newsstand/2020/logo/dark/0604/040.png
https://naver.com,https://s.pstatic.net/static/newsstand/2020/logo/dark/0604/042.png
https://naver.com,https://s.pstatic.net/static/newsstand/2020/logo/dark/0604/044.png
https://naver.com,https://s.pstatic.net/static/newsstand/2020/logo/dark/0604/047.png
https://naver.com,https://s.pstatic.net/static/newsstand/2020/logo/dark/0604/052.png
https://naver.com,https://s.pstatic.net/static/newsstand/2020/logo/dark/0604/055.png
https://naver.com,https://s.pstatic.net/static/newsstand/2020/logo/dark/0604/056.png
https://naver.com,https://s.pstatic.net/static/newsstand/2020/logo/dark/0604/057.png
https://naver.com,https://s.pstatic.net/static/newsstand/2020/logo/dark/0604/075.png
https://naver.com,https://s.pstatic.net/static/newsstand/2020/logo/dark/0604/076.png
https://naver.com,https://s.pstatic.net/static/newsstand/2020/logo/dark/0604/079.png
https://naver.com,https://s.pstatic.net/static/newsstand/2020/logo/dark/0604/087.png
https://naver.com,https://s.pstatic.net/static/newsstand/2020/logo/dark/0604/088.png
https://naver.com,https://s.pstatic.net/static/newsstand/2020/logo/dark/0604/094.png
https://naver.com,https://s.pstatic.net/static/newsstand/2020/logo/dark/0604/108.png
https://naver.com,https://s.pstatic.net/static/newsstand/2020/logo/dark/0604/117.png
https://naver.com,https://s.pstatic.net/static/newsstand/2020/logo/dark/0604/120.png
https://naver.com,https://s.pstatic.net/static/newsstand/2020/logo/dark/0604/123.png
https://naver.com,https://s.pstatic.net/static/newsstand/2020/logo/dark/0604/135.png
https://naver.com,https://s.pstatic.net/static/newsstand/2020/logo/dark/0604/138.png
https://naver.com,https://s.pstatic.net/static/newsstand/2020/logo/dark/0604/139.png
https://naver.com,https://s.pstatic.net/static/newsstand/2020/logo/dark/0604/140.png
https://naver.com,https://s.pstatic.net/static/newsstand/2020/logo/dark/0604/144.png
https://naver.com,https://s.pstatic.net/static/newsstand/2020/logo/dark/0604/214.png
https://naver.com,https://s.pstatic.net/static/newsstand/2020/logo/dark/0604/215.png
https://naver.com,https://s.pstatic.net/static/newsstand/2020/logo/dark/0604/241.png
https://naver.com,https://s.pstatic.net/static/newsstand/2020/logo/dark/0604/243.png
https://naver.com,https://s.pstatic.net/static/newsstand/2020/logo/dark/0604/277.png
https://naver.com,https://s.pstatic.net/static/newsstand/2020/logo/dark/0604/293.png
https://naver.com,https://s.pstatic.net/static/newsstand/2020/logo/dark/0604/296.png
https://naver.com,https://s.pstatic.net/static/newsstand/2020/logo/dark/0604/301.png
https://naver.com,https://s.pstatic.net/static/newsstand/2020/logo/dark/0604/308.png
https://naver.com,https://s.pstatic.net/static/newsstand/2020/logo/dark/0604/310.png
https://naver.com,https://s.pstatic.net/static/newsstand/2020/logo/dark/0604/311.png
https://naver.com,https://s.pstatic.net/static/newsstand/2020/logo/dark/0604/312.png
https://naver.com,https://s.pstatic.net/static/newsstand/2020/logo/dark/0604/314.png
https://naver.com,https://s.pstatic.net/static/newsstand/2020/logo/dark/0604/326.png
https://naver.com,https://s.pstatic.net/static/newsstand/2020/logo/dark/0604/328.png
https://naver.com,https://s.pstatic.net/static/newsstand/2020/logo/dark/0604/330.png
https://naver.com,https://s.pstatic.net/static/newsstand/2020/logo/dark/0604/331.png
https://naver.com,https://s.pstatic.net/static/newsstand/2020/logo/dark/0604/332.png
https://naver.com,https://s.pstatic.net/static/newsstand/2020/logo/dark/0604/333.png
https://naver.com,https://s.pstatic.net/static/newsstand/2020/logo/dark/0604/334.png
https://naver.com,https://s.pstatic.net/static/newsstand/2020/logo/dark/0604/336.png
https://naver.com,https://s.pstatic.net/static/newsstand/2020/logo/dark/0604/337.png
https://naver.com,https://s.pstatic.net/static/newsstand/2020/logo/dark/0604/338.png
https://naver.com,https://s.pstatic.net/static/newsstand/2020/logo/dark/0604/339.png
https://naver.com,https://s.pstatic.net/static/newsstand/2020/logo/dark/0604/340.png
https://naver.com,https://s.pstatic.net/static/newsstand/2020/logo/dark/0604/345.png
https://naver.com,https://s.pstatic.net/static/newsstand/2020/logo/dark/0604/346.png
https://naver.com,https://s.pstatic.net/static/newsstand/2020/logo/dark/0604/353.png
https://naver.com,https://s.pstatic.net/static/newsstand/2020/logo/dark/0604/354.png
https://naver.com,https://s.pstatic.net/static/newsstand/2020/logo/dark/0604/355.png
https://naver.com,https://s.pstatic.net/static/newsstand/2020/logo/dark/0604/356.png
https://naver.com,https://s.pstatic.net/static/newsstand/2020/logo/dark/0604/363.png
https://naver.com,https://s.pstatic.net/static/newsstand/2020/logo/dark/0604/366.png
https://naver.com,https://s.pstatic.net/static/newsstand/2020/logo/dark/0604/368.png
https://naver.com,https://s.pstatic.net/static/newsstand/2020/logo/dark/0604/376.png
https://naver.com,https://s.pstatic.net/static/newsstand/2020/logo/dark/0604/384.png
https://naver.com,https://s.pstatic.net/static/newsstand/2020/logo/dark/0604/385.png
https://naver.com,https://s.pstatic.net/static/newsstand/2020/logo/dark/0604/388.png
https://naver.com,https://s.pstatic.net/static/newsstand/2020/logo/dark/0604/389.png
https://naver.com,https://s.pstatic.net/static/newsstand/2020/logo/dark/0604/391.png
https://naver.com,https://s.pstatic.net/static/newsstand/2020/logo/dark/0604/396.png
https://naver.com,https://s.pstatic.net/static/newsstand/2020/logo/dark/0604/410.png
https://naver.com,https://s.pstatic.net/static/newsstand/2020/logo/dark/0604/417.png
https://naver.com,https://s.pstatic.net/static/newsstand/2020/logo/dark/0604/422.png
https://naver.com,https://s.pstatic.net/static/newsstand/2020/logo/dark/0604/440.png
https://naver.com,https://s.pstatic.net/static/newsstand/2020/logo/dark/0604/447.png
https://naver.com,https://s.pstatic.net/static/newsstand/2020/logo/dark/0604/536.png
https://naver.com,https://s.pstatic.net/static/newsstand/2020/logo/dark/0604/539.png
https://naver.com,https://s.pstatic.net/static/newsstand/2020/logo/dark/0604/801.png
https://naver.com,https://s.pstatic.net/static/newsstand/2020/logo/dark/0604/802.png
https://naver.com,https://s.pstatic.net/static/newsstand/2020/logo/dark/0604/804.png
https://naver.com,https://s.pstatic.net/static/newsstand/2020/logo/dark/0604/807.png
https://naver.com,https://s.pstatic.net/static/newsstand/2020/logo/dark/0604/808.png
https://naver.com,https://s.pstatic.net/static/newsstand/2020/logo/dark/0604/809.png
https://naver.com,https://s.pstatic.net/static/newsstand/2020/logo/dark/0604/814.png
https://naver.com,https://s.pstatic.net/static/newsstand/2020/logo/dark/0604/815.png
https://naver.com,https://s.pstatic.net/static/newsstand/2020/logo/dark/0604/816.png
https://naver.com,https://s.pstatic.net/static/newsstand/2020/logo/dark/0604/817.png
https://naver.com,https://s.pstatic.net/static/newsstand/2020/logo/dark/0604/818.png
https://naver.com,https://s.pstatic.net/static/newsstand/2020/logo/dark/0604/819.png
https://naver.com,https://s.pstatic.net/static/newsstand/2020/logo/dark/0604/821.png
https://naver.com,https://s.pstatic.net/static/newsstand/2020/logo/dark/0604/824.png
https://naver.com,https://s.pstatic.net/static/newsstand/2020/logo/dark/0604/825.png
https://naver.com,https://s.pstatic.net/static/newsstand/2020/logo/dark/0604/902.png
https://naver.com,https://s.pstatic.net/static/newsstand/2020/logo/dark/0604/904.png
https://naver.com,https://s.pstatic.net/static/newsstand/2020/logo/dark/0604/906.png
https://naver.com,https://s.pstatic.net/static/newsstand/2020/logo/dark/0604/907.png
https://naver.com,https://s.pstatic.net/static/newsstand/2020/logo/dark/0604/908.png
https://naver.com,https://s.pstatic.net/static/newsstand/2020/logo/dark/0604/909.png
https://naver.com,https://s.pstatic.net/static/newsstand/2020/logo/dark/0604/910.png
https://naver.com,https://s.pstatic.net/static/newsstand/2020/logo/dark/0604/911.png
https://naver.com,https://s.pstatic.net/static/newsstand/2020/logo/dark/0604/913.png
https://naver.com,https://s.pstatic.net/static/newsstand/2020/logo/dark/0604/914.png
https://naver.com,https://s.pstatic.net/static/newsstand/2020/logo/dark/0604/915.png
https://naver.com,https://s.pstatic.net/static/newsstand/2020/logo/dark/0604/917.png
https://naver.com,https://s.pstatic.net/static/newsstand/2020/logo/dark/0604/920.png
https://naver.com,https://s.pstatic.net/static/newsstand/2020/logo/dark/0604/922.png
https://naver.com,https://s.pstatic.net/static/newsstand/2020/logo/dark/0604/923.png
https://naver.com,https://s.pstatic.net/static/newsstand/2020/logo/dark/0604/924.png
https://naver.com,https://s.pstatic.net/static/newsstand/2020/logo/dark/0604/925.png
https://naver.com,https://s.pstatic.net/static/newsstand/2020/logo/dark/0604/927.png
https://naver.com,https://s.pstatic.net/static/newsstand/2020/logo/dark/0604/928.png
https://naver.com,https://s.pstatic.net/static/newsstand/2020/logo/dark/0604/930.png
https://naver.com,https://s.pstatic.net/static/newsstand/2020/logo/dark/0604/932.png
https://naver.com,https://s.pstatic.net/static/newsstand/2020/logo/dark/0604/934.png
https://naver.com,https://s.pstatic.net/static/newsstand/2020/logo/dark/0604/935.png
https://naver.com,https://s.pstatic.net/static/newsstand/2020/logo/dark/0604/936.png
https://naver.com,https://s.pstatic.net/static/newsstand/2020/logo/dark/0604/937.png
https://naver.com,https://s.pstatic.net/static/newsstand/2020/logo/dark/0604/938.png
https://naver.com,https://s.pstatic.net/static/newsstand/2020/logo/dark/0604/941.png
https://naver.com,https://s.pstatic.net/static/newsstand/2020/logo/dark/0604/942.png
https://naver.com,https://s.pstatic.net/static/newsstand/2020/logo/dark/0604/946.png
https://naver.com,https://s.pstatic.net/static/newsstand/2020/logo/dark/0604/947.png
https://naver.com,https://s.pstatic.net/static/newsstand/2020/logo/dark/0604/948.png
https://naver.com,https://s.pstatic.net/static/newsstand/2020/logo/dark/0604/952.png
https://naver.com,https://s.pstatic.net/static/newsstand/2020/logo/dark/0604/953.png
https://naver.com,https://s.pstatic.net/static/newsstand/2020/logo/dark/0604/954.png
https://naver.com,https://s.pstatic.net/static/newsstand/2020/logo/dark/0604/955.png
https://naver.com,https://s.pstatic.net/static/newsstand/2020/logo/dark/0604/956.png
https://naver.com,https://s.pstatic.net/static/newsstand/2020/logo/dark/0604/957.png
https://naver.com,https://s.pstatic.net/static/newsstand/2020/logo/dark/0604/961.png
https://naver.com,https://s.pstatic.net/static/newsstand/2020/logo/dark/0604/962.png
https://naver.com,https://s.pstatic.net/static/newsstand/2020/logo/dark/0604/963.png
https://naver.com,https://s.pstatic.net/static/newsstand/2020/logo/dark/0604/964.png
https://naver.com,https://s.pstatic.net/static/newsstand/2020/logo/dark/0604/965.png
https://naver.com,https://s.pstatic.net/static/newsstand/2020/logo/dark/0604/966.png
https://naver.com,https://s.pstatic.net/static/newsstand/2020/logo/dark/0604/967.png
https://naver.com,https://s.pstatic.net/static/newsstand/2020/logo/dark/0604/968.png
https://naver.com,https://s.pstatic.net/static/newsstand/2020/logo/dark/0604/969.png
https://naver.com,https://s.pstatic.net/static/newsstand/2020/logo/dark/0604/970.png
https://naver.com,https://s.pstatic.net/static/newsstand/2020/logo/dark/0604/971.png
https://naver.com,https://s.pstatic.net/static/newsstand/2020/logo/dark/0604/972.png
https://naver.com,https://s.pstatic.net/static/newsstand/2020/logo/dark/0604/973.png
https://naver.com,https://s.pstatic.net/static/newsstand/2020/logo/dark/0604/974.png
https://naver.com,https://s.pstatic.net/static/newsstand/2020/logo/dark/0604/975.png
https://naver.com,https://s.pstatic.net/static/newsstand/2020/logo/dark/0604/976.png
https://naver.com,https://s.pstatic.net/static/newsstand/2020/logo/dark/0604/977.png
https://naver.com,https://s.pstatic.net/static/newsstand/2020/logo/dark/0604/978.png
https://naver.com,https://s.pstatic.net/static/newsstand/2020/logo/dark/0604/979.png
https://naver.com,https://s.pstatic.net/static/newsstand/2020/logo/dark/0604/980.png
https://naver.com,https://s.pstatic.net/static/newsstand/2020/logo/dark/0604/981.png
https://naver.com,https://s.pstatic.net/static/newsstand/2020/logo/dark/0604/982.png
https://naver.com,https://s.pstatic.net/static/newsstand/2020/logo/dark/0604/983.png
https://naver.com,https://s.pstatic.net/static/newsstand/2020/logo/dark/0604/984.png
https://naver.com,https://s.pstatic.net/static/newsstand/2020/logo/dark/0604/989.png
https://naver.com,https://s.pstatic.net/static/newsstand/2020/logo/dark/0604/990.png
https://naver.com,https://s.pstatic.net/static/newsstand/2020/logo/dark/0604/991.png
https://naver.com,https://s.pstatic.net/static/newsstand/2020/logo/dark/0604/993.png
https://naver.com,https://s.pstatic.net/static/newsstand/2020/logo/light/0604/008.png
https://naver.com,https://s.pstatic.net/static/newsstand/2020/logo/light/0604/009.png
https://naver.com,https://s.pstatic.net/static/newsstand/2020/logo/light/0604/013.png
https://naver.com,https://s.pstatic.net/static/newsstand/2020/logo/light/0604/014.png
https://naver.com,https://s.pstatic.net/static/newsstand/2020/logo/light/0604/015.png
https://naver.com,https://s.pstatic.net/static/newsstand/2020/logo/light/0604/016.png
https://naver.com,https://s.pstatic.net/static/newsstand/2020/logo/light/0604/018.png
https://naver.com,https://s.pstatic.net/static/newsstand/2020/logo/light/0604/020.png
https://naver.com,https://s.pstatic.net/static/newsstand/2020/logo/light/0604/021.png
https://naver.com,https://s.pstatic.net/static/newsstand/2020/logo/light/0604/022.png
https://naver.com,https://s.pstatic.net/static/newsstand/2020/logo/light/0604/024.png
https://naver.com,https://s.pstatic.net/static/newsstand/2020/logo/light/0604/029.png
https://naver.com,https://s.pstatic.net/static/newsstand/2020/logo/light/0604/030.png
https://naver.com,https://s.pstatic.net/static/newsstand/2020/logo/light/0604/031.png
https://naver.com,https://s.pstatic.net/static/newsstand/2020/logo/light/0604/032.png
https://naver.com,https://s.pstatic.net/static/newsstand/2020/logo/light/0604/038.png
https://naver.com,https://s.pstatic.net/static/newsstand/2020/logo/light/0604/040.png
https://naver.com,https://s.pstatic.net/static/newsstand/2020/logo/light/0604/042.png
https://naver.com,https://s.pstatic.net/static/newsstand/2020/logo/light/0604/044.png
https://naver.com,https://s.pstatic.net/static/newsstand/2020/logo/light/0604/047.png
https://naver.com,https://s.pstatic.net/static/newsstand/2020/logo/light/0604/052.png
https://naver.com,https://s.pstatic.net/static/newsstand/2020/logo/light/0604/055.png
https://naver.com,https://s.pstatic.net/static/newsstand/2020/logo/light/0604/056.png
https://naver.com,https://s.pstatic.net/static/newsstand/2020/logo/light/0604/057.png
https://naver.com,https://s.pstatic.net/static/newsstand/2020/logo/light/0604/075.png
https://naver.com,https://s.pstatic.net/static/newsstand/2020/logo/light/0604/076.png
https://naver.com,https://s.pstatic.net/static/newsstand/2020/logo/light/0604/079.png
https://naver.com,https://s.pstatic.net/static/newsstand/2020/logo/light/0604/087.png
https://naver.com,https://s.pstatic.net/static/newsstand/2020/logo/light/0604/088.png
https://naver.com,https://s.pstatic.net/static/newsstand/2020/logo/light/0604/094.png
https://naver.com,https://s.pstatic.net/static/newsstand/2020/logo/light/0604/108.png
https://naver.com,https://s.pstatic.net/static/newsstand/2020/logo/light/0604/117.png
https://naver.com,https://s.pstatic.net/static/newsstand/2020/logo/light/0604/120.png
https://naver.com,https://s.pstatic.net/static/newsstand/2020/logo/light/0604/123.png
https://naver.com,https://s.pstatic.net/static/newsstand/2020/logo/light/0604/135.png
https://naver.com,https://s.pstatic.net/static/newsstand/2020/logo/light/0604/138.png
https://naver.com,https://s.pstatic.net/static/newsstand/2020/logo/light/0604/139.png
https://naver.com,https://s.pstatic.net/static/newsstand/2020/logo/light/0604/140.png
https://naver.com,https://s.pstatic.net/static/newsstand/2020/logo/light/0604/144.png
https://naver.com,https://s.pstatic.net/static/newsstand/2020/logo/light/0604/214.png
https://naver.com,https://s.pstatic.net/static/newsstand/2020/logo/light/0604/215.png
https://naver.com,https://s.pstatic.net/static/newsstand/2020/logo/light/0604/243.png
https://naver.com,https://s.pstatic.net/static/newsstand/2020/logo/light/0604/277.png
https://naver.com,https://s.pstatic.net/static/newsstand/2020/logo/light/0604/293.png
https://naver.com,https://s.pstatic.net/static/newsstand/2020/logo/light/0604/296.png
https://naver.com,https://s.pstatic.net/static/newsstand/2020/logo/light/0604/301.png
https://naver.com,https://s.pstatic.net/static/newsstand/2020/logo/light/0604/308.png
https://naver.com,https://s.pstatic.net/static/newsstand/2020/logo/light/0604/310.png
https://naver.com,https://s.pstatic.net/static/newsstand/2020/logo/light/0604/311.png
https://naver.com,https://s.pstatic.net/static/newsstand/2020/logo/light/0604/312.png
https://naver.com,https://s.pstatic.net/static/newsstand/2020/logo/light/0604/314.png
https://naver.com,https://s.pstatic.net/static/newsstand/2020/logo/light/0604/326.png
https://naver.com,https://s.pstatic.net/static/newsstand/2020/logo/light/0604/328.png
https://naver.com,https://s.pstatic.net/static/newsstand/2020/logo/light/0604/330.png
https://naver.com,https://s.pstatic.net/static/newsstand/2020/logo/light/0604/331.png
https://naver.com,https://s.pstatic.net/static/newsstand/2020/logo/light/0604/332.png
https://naver.com,https://s.pstatic.net/static/newsstand/2020/logo/light/0604/333.png
https://naver.com,https://s.pstatic.net/static/newsstand/2020/logo/light/0604/334.png
https://naver.com,https://s.pstatic.net/static/newsstand/2020/logo/light/0604/336.png
https://naver.com,https://s.pstatic.net/static/newsstand/2020/logo/light/0604/337.png
https://naver.com,https://s.pstatic.net/static/newsstand/2020/logo/light/0604/338.png
https://naver.com,https://s.pstatic.net/static/newsstand/2020/logo/light/0604/339.png
https://naver.com,https://s.pstatic.net/static/newsstand/2020/logo/light/0604/340.png
https://naver.com,https://s.pstatic.net/static/newsstand/2020/logo/light/0604/345.png
https://naver.com,https://s.pstatic.net/static/newsstand/2020/logo/light/0604/346.png
https://naver.com,https://s.pstatic.net/static/newsstand/2020/logo/light/0604/353.png
https://naver.com,https://s.pstatic.net/static/newsstand/2020/logo/light/0604/354.png
https://naver.com,https://s.pstatic.net/static/newsstand/2020/logo/light/0604/355.png
https://naver.com,https://s.pstatic.net/static/newsstand/2020/logo/light/0604/356.png
https://naver.com,https://s.pstatic.net/static/newsstand/2020/logo/light/0604/363.png
https://naver.com,https://s.pstatic.net/static/newsstand/2020/logo/light/0604/366.png
https://naver.com,https://s.pstatic.net/static/newsstand/2020/logo/light/0604/368.png
https://naver.com,https://s.pstatic.net/static/newsstand/2020/logo/light/0604/376.png
https://naver.com,https://s.pstatic.net/static/newsstand/2020/logo/light/0604/384.png
https://naver.com,https://s.pstatic.net/static/newsstand/2020/logo/light/0604/385.png
https://naver.com,https://s.pstatic.net/static/newsstand/2020/logo/light/0604/388.png
https://naver.com,https://s.pstatic.net/static/newsstand/2020/logo/light/0604/389.png
https://naver.com,https://s.pstatic.net/static/newsstand/2020/logo/light/0604/391.png
https://naver.com,https://s.pstatic.net/static/newsstand/2020/logo/light/0604/396.png
https://naver.com,https://s.pstatic.net/static/newsstand/2020/logo/light/0604/410.png
https://naver.com,https://s.pstatic.net/static/newsstand/2020/logo/light/0604/417.png
https://naver.com,https://s.pstatic.net/static/newsstand/2020/logo/light/0604/422.png
https://naver.com,https://s.pstatic.net/static/newsstand/2020/logo/light/0604/440.png
https://naver.com,https://s.pstatic.net/static/newsstand/2020/logo/light/0604/447.png
https://naver.com,https://s.pstatic.net/static/newsstand/2020/logo/light/0604/536.png
https://naver.com,https://s.pstatic.net/static/newsstand/2020/logo/light/0604/539.png
https://naver.com,https://s.pstatic.net/static/newsstand/2020/logo/light/0604/801.png
https://naver.com,https://s.pstatic.net/static/newsstand/2020/logo/light/0604/802.png
https://naver.com,https://s.pstatic.net/static/newsstand/2020/logo/light/0604/804.png
https://naver.com,https://s.pstatic.net/static/newsstand/2020/logo/light/0604/807.png
https://naver.com,https://s.pstatic.net/static/newsstand/2020/logo/light/0604/808.png
https://naver.com,https://s.pstatic.net/static/newsstand/2020/logo/light/0604/809.png
https://naver.com,https://s.pstatic.net/static/newsstand/2020/logo/light/0604/814.png
https://naver.com,https://s.pstatic.net/static/newsstand/2020/logo/light/0604/815.png
https://naver.com,https://s.pstatic.net/static/newsstand/2020/logo/light/0604/816.png
https://naver.com,https://s.pstatic.net/static/newsstand/2020/logo/light/0604/817.png
https://naver.com,https://s.pstatic.net/static/newsstand/2020/logo/light/0604/818.png
https://naver.com,https://s.pstatic.net/static/newsstand/2020/logo/light/0604/819.png
https://naver.com,https://s.pstatic.net/static/newsstand/2020/logo/light/0604/821.png
https://naver.com,https://s.pstatic.net/static/newsstand/2020/logo/light/0604/824.png
https://naver.com,https://s.pstatic.net/static/newsstand/2020/logo/light/0604/825.png
https://naver.com,https://s.pstatic.net/static/newsstand/2020/logo/light/0604/902.png
https://naver.com,https://s.pstatic.net/static/newsstand/2020/logo/light/0604/904.png
https://naver.com,https://s.pstatic.net/static/newsstand/2020/logo/light/0604/906.png
https://naver.com,https://s.pstatic.net/static/newsstand/2020/logo/light/0604/907.png
https://naver.com,https://s.pstatic.net/static/newsstand/2020/logo/light/0604/908.png
https://naver.com,https://s.pstatic.net/static/newsstand/2020/logo/light/0604/909.png
https://naver.com,https://s.pstatic.net/static/newsstand/2020/logo/light/0604/910.png
https://naver.com,https://s.pstatic.net/static/newsstand/2020/logo/light/0604/911.png
https://naver.com,https://s.pstatic.net/static/newsstand/2020/logo/light/0604/913.png
https://naver.com,https://s.pstatic.net/static/newsstand/2020/logo/light/0604/914.png
https://naver.com,https://s.pstatic.net/static/newsstand/2020/logo/light/0604/915.png
https://naver.com,https://s.pstatic.net/static/newsstand/2020/logo/light/0604/917.png
https://naver.com,https://s.pstatic.net/static/newsstand/2020/logo/light/0604/920.png
https://naver.com,https://s.pstatic.net/static/newsstand/2020/logo/light/0604/922.png
https://naver.com,https://s.pstatic.net/static/newsstand/2020/logo/light/0604/923.png
https://naver.com,https://s.pstatic.net/static/newsstand/2020/logo/light/0604/924.png
https://naver.com,https://s.pstatic.net/static/newsstand/2020/logo/light/0604/925.png
https://naver.com,https://s.pstatic.net/static/newsstand/2020/logo/light/0604/927.png
https://naver.com,https://s.pstatic.net/static/newsstand/2020/logo/light/0604/928.png
https://naver.com,https://s.pstatic.net/static/newsstand/2020/logo/light/0604/930.png
https://naver.com,https://s.pstatic.net/static/newsstand/2020/logo/light/0604/932.png
https://naver.com,https://s.pstatic.net/static/newsstand/2020/logo/light/0604/934.png
https://naver.com,https://s.pstatic.net/static/newsstand/2020/logo/light/0604/935.png
https://naver.com,https://s.pstatic.net/static/newsstand/2020/logo/light/0604/936.png
https://naver.com,https://s.pstatic.net/static/newsstand/2020/logo/light/0604/937.png
https://naver.com,https://s.pstatic.net/static/newsstand/2020/logo/light/0604/938.png
https://naver.com,https://s.pstatic.net/static/newsstand/2020/logo/light/0604/941.png
https://naver.com,https://s.pstatic.net/static/newsstand/2020/logo/light/0604/942.png
https://naver.com,https://s.pstatic.net/static/newsstand/2020/logo/light/0604/946.png
https://naver.com,https://s.pstatic.net/static/newsstand/2020/logo/light/0604/947.png
https://naver.com,https://s.pstatic.net/static/newsstand/2020/logo/light/0604/948.png
https://naver.com,https://s.pstatic.net/static/newsstand/2020/logo/light/0604/952.png
https://naver.com,https://s.pstatic.net/static/newsstand/2020/logo/light/0604/953.png
https://naver.com,https://s.pstatic.net/static/newsstand/2020/logo/light/0604/954.png
https://naver.com,https://s.pstatic.net/static/newsstand/2020/logo/light/0604/955.png
https://naver.com,https://s.pstatic.net/static/newsstand/2020/logo/light/0604/956.png
https://naver.com,https://s.pstatic.net/static/newsstand/2020/logo/light/0604/957.png
https://naver.com,https://s.pstatic.net/static/newsstand/2020/logo/light/0604/961.png
https://naver.com,https://s.pstatic.net/static/newsstand/2020/logo/light/0604/962.png
https://naver.com,https://s.pstatic.net/static/newsstand/2020/logo/light/0604/963.png
https://naver.com,https://s.pstatic.net/static/newsstand/2020/logo/light/0604/964.png
https://naver.com,https://s.pstatic.net/static/newsstand/2020/logo/light/0604/965.png
https://naver.com,https://s.pstatic.net/static/newsstand/2020/logo/light/0604/966.png
https://naver.com,https://s.pstatic.net/static/newsstand/2020/logo/light/0604/967.png
https://naver.com,https://s.pstatic.net/static/newsstand/2020/logo/light/0604/968.png
https://naver.com,https://s.pstatic.net/static/newsstand/2020/logo/light/0604/969.png
https://naver.com,https://s.pstatic.net/static/newsstand/2020/logo/light/0604/970.png
https://naver.com,https://s.pstatic.net/static/newsstand/2020/logo/light/0604/971.png
https://naver.com,https://s.pstatic.net/static/newsstand/2020/logo/light/0604/972.png
https://naver.com,https://s.pstatic.net/static/newsstand/2020/logo/light/0604/973.png
https://naver.com,https://s.pstatic.net/static/newsstand/2020/logo/light/0604/974.png
https://naver.com,https://s.pstatic.net/static/newsstand/2020/logo/light/0604/975.png
https://naver.com,https://s.pstatic.net/static/newsstand/2020/logo/light/0604/976.png
https://naver.com,https://s.pstatic.net/static/newsstand/2020/logo/light/0604/977.png
https://naver.com,https://s.pstatic.net/static/newsstand/2020/logo/light/0604/978.png
https://naver.com,https://s.pstatic.net/static/newsstand/2020/logo/light/0604/979.png
https://naver.com,https://s.pstatic.net/static/newsstand/2020/logo/light/0604/980.png
https://naver.com,https://s.pstatic.net/static/newsstand/2020/logo/light/0604/981.png
https://naver.com,https://s.pstatic.net/static/newsstand/2020/logo/light/0604/982.png
https://naver.com,https://s.pstatic.net/static/newsstand/2020/logo/light/0604/983.png
https://naver.com,https://s.pstatic.net/static/newsstand/2020/logo/light/0604/984.png
https://naver.com,https://s.pstatic.net/static/newsstand/2020/logo/light/0604/989.png
https://naver.com,https://s.pstatic.net/static/newsstand/2020/logo/light/0604/990.png
https://naver.com,https://s.pstatic.net/static/newsstand/2020/logo/light/0604/991.png
https://naver.com,https://s.pstatic.net/static/newsstand/2020/logo/light/0604/993.png
https://naver.com,https://s.pstatic.net/static/newsstand/up/2020/0610/nsd151458769.png
https://naver.com,https://s.pstatic.net/static/newsstand/up/2020/0615/nsd10311145.png
https://naver.com,https://s.pstatic.net/static/newsstand/up/2020/0615/nsd10319824.png
https://naver.com,https://s.pstatic.net/static/newsstand/up/2020/0708/nsd94820151.png
https://naver.com,https://s.pstatic.net/static/newsstand/up/2020/0708/nsd94830278.png
https://naver.com,https://s.pstatic.net/static/newsstand/up/2020/0730/nsd13719939.png
https://naver.com,https://s.pstatic.net/static/newsstand/up/2020/0730/nsd13728808.png
https://naver.com,https://s.pstatic.net/static/newsstand/up/2020/0803/nsd202358800.png
https://naver.com,https://s.pstatic.net/static/newsstand/up/2020/0803/nsd20247547.png
https://naver.com,https://s.pstatic.net/static/newsstand/up/2020/0903/nsd185246724.png
https://naver.com,https://s.pstatic.net/static/newsstand/up/2020/0903/nsd185255316.png
https://naver.com,https://s.pstatic.net/static/newsstand/up/2020/0922/nsd152323211.png
https://naver.com,https://s.pstatic.net/static/newsstand/up/2020/0922/nsd152336602.png
https://naver.com,https://s.pstatic.net/static/newsstand/up/2020/0928/nsd125026855.png
https://naver.com,https://s.pstatic.net/static/newsstand/up/2020/0928/nsd125033437.png
https://naver.com,https://s.pstatic.net/static/newsstand/up/2020/1019/nsd144525568.png
https://naver.com,https://s.pstatic.net/static/newsstand/up/2020/1019/nsd144531857.png
https://naver.com,https://s.pstatic.net/static/newsstand/up/2020/1119/nsd213339585.png
https://naver.com,https://s.pstatic.net/static/newsstand/up/2020/1119/nsd213345745.png
https://naver.com,https://s.pstatic.net/static/newsstand/up/2020/1228/nsd1681569.png
https://naver.com,https://s.pstatic.net/static/newsstand/up/2020/1228/nsd1688305.png
https://naver.com,https://s.pstatic.net/static/newsstand/up/2020/1229/nsd165811867.png
https://naver.com,https://s.pstatic.net/static/newsstand/up/2021/0211/nsd01153196.png
https://naver.com,https://s.pstatic.net/static/newsstand/up/2021/0211/nsd02321523.png
https://naver.com,https://s.pstatic.net/static/newsstand/up/2021/0211/nsd02332888.png
https://naver.com,https://s.pstatic.net/static/newsstand/up/2021/0211/nsd0427277.png
https://naver.com,https://s.pstatic.net/static/newsstand/up/2021/0211/nsd0439284.png
https://naver.com,https://s.pstatic.net/static/newsstand/up/2021/0222/nsd13325188.png
https://naver.com,https://s.pstatic.net/static/newsstand/up/2021/0222/nsd13338358.png
https://naver.com,https://s.pstatic.net/static/newsstand/up/2021/0316/nsd103953129.png
https://naver.com,https://s.pstatic.net/static/newsstand/up/2021/0316/nsd104012979.png
https://naver.com,https://s.pstatic.net/static/newsstand/up/2021/0322/nsd215225866.png
https://naver.com,https://s.pstatic.net/static/newsstand/up/2021/0322/nsd21527882.png
https://naver.com,https://s.pstatic.net/static/newsstand/up/2021/0420/nsd104943516.png
https://naver.com,https://s.pstatic.net/static/newsstand/up/2021/0420/nsd105139164.png
https://naver.com,https://s.pstatic.net/static/newsstand/up/2021/0728/nsd111059924.png
https://naver.com,https://s.pstatic.net/static/newsstand/up/2021/0728/nsd1110888.png
https://naver.com,https://s.pstatic.net/static/newsstand/up/2021/0823/nsd101834185.png
https://naver.com,https://s.pstatic.net/static/newsstand/up/2021/0824/nsd115034872.png
https://naver.com,https://s.pstatic.net/static/newsstand/up/2021/0907/nsd94216114.png
https://naver.com,https://s.pstatic.net/static/newsstand/up/2021/0907/nsd9423633.png
https://naver.com,https://s.pstatic.net/static/newsstand/up/2021/1112/nsd102040597.png
https://naver.com,https://s.pstatic.net/static/newsstand/up/2021/1112/nsd102110770.png
https://naver.com,https://s.pstatic.net/static/newsstand/up/2021/1112/nsd102419893.png
https://naver.com,https://s.pstatic.net/static/newsstand/up/2021/1112/nsd10248812.png
https://naver.com,https://s.pstatic.net/static/newsstand/up/2021/1130/nsd101536636.png
https://naver.com,https://s.pstatic.net/static/newsstand/up/2021/1130/nsd10159718.png
https://naver.com,https://s.pstatic.net/static/newsstand/up/2021/1221/nsd15292271.png
https://naver.com,https://s.pstatic.net/static/newsstand/up/2021/1221/nsd171157172.png
https://naver.com,https://s.pstatic.net/static/newsstand/up/2022/0116/nsd194523259.png
https://naver.com,https://s.pstatic.net/static/newsstand/up/2022/0116/nsd19454239.png
https://naver.com,https://s.pstatic.net/static/newsstand/up/2022/0208/nsd16121208.png
https://naver.com,https://s.pstatic.net/static/newsstand/up/2022/0208/nsd161212576.png
https://naver.com,https://s.pstatic.net/static/newsstand/up/2022/0315/nsd181452869.png
https://naver.com,https://s.pstatic.net/static/newsstand/up/2022/0315/nsd18156958.png
https://naver.com,https://s.pstatic.net/static/newsstand/up/2022/0328/nsd223244325.png
https://naver.com,https://s.pstatic.net/static/newsstand/up/2022/0328/nsd223257107.png
https://naver.com,https://s.pstatic.net/static/newsstand/up/2022/0328/nsd22503109.png
https://naver.com,https://s.pstatic.net/static/newsstand/up/2022/0328/nsd22509287.png
https://naver.com,https://s.pstatic.net/static/newsstand/up/2022/0331/nsd155937506.png
https://naver.com,https://s.pstatic.net/static/newsstand/up/2022/0331/nsd15594915.png
https://naver.com,https://s.pstatic.net/static/newsstand/up/2022/0405/nsd15014578.png
https://naver.com,https://s.pstatic.net/static/newsstand/up/2022/0405/nsd15024245.png
https://naver.com,https://s.pstatic.net/static/newsstand/up/2022/0418/nsd164755323.png
https://naver.com,https://s.pstatic.net/static/newsstand/up/2022/0418/nsd164818946.png
https://naver.com,https://s.pstatic.net/static/newsstand/up/2022/0615/nsd7244919.png
https://naver.com,https://s.pstatic.net/static/newsstand/up/2022/0615/nsd7251644.png
https://naver.com,https://s.pstatic.net/static/newsstand/up/2022/0704/nsd231545458.png
https://naver.com,https://s.pstatic.net/static/newsstand/up/2022/0704/nsd231551300.png
https://naver.com,https://s.pstatic.net/static/newsstand/up/2022/0804/nsd1343054.png
https://naver.com,https://s.pstatic.net/static/newsstand/up/2022/0804/nsd13457540.png
https://naver.com,https://s.pstatic.net/static/newsstand/up/2022/0817/nsd144754102.png
https://naver.com,https://s.pstatic.net/static/newsstand/up/2022/0817/nsd14480190.png
https://naver.com,https://s.pstatic.net/static/newsstand/up/2022/0817/nsd14491516.png
https://naver.com,https://s.pstatic.net/static/newsstand/up/2022/0817/nsd14499446.png
https://naver.com,https://s.pstatic.net/static/newsstand/up/2022/0905/nsd131925414.png
https://naver.com,https://s.pstatic.net/static/newsstand/up/2022/0905/nsd91639628.png
https://naver.com,https://s.pstatic.net/static/newsstand/up/2022/1006/nsd205810265.png
https://naver.com,https://s.pstatic.net/static/newsstand/up/2022/1006/nsd205818702.png
https://naver.com,https://s.pstatic.net/static/newsstand/up/2022/1007/nsd161842489.png
https://naver.com,https://s.pstatic.net/static/newsstand/up/2022/1007/nsd161849944.png
https://naver.com,https://s.pstatic.net/static/newsstand/up/2022/1017/nsd202616515.png
https://naver.com,https://s.pstatic.net/static/newsstand/up/2022/1017/nsd20268714.png
https://naver.com,https://s.pstatic.net/static/newsstand/up/2022/1017/nsd202933363.png
https://naver.com,https://s.pstatic.net/static/newsstand/up/2022/1017/nsd202940832.png
https://naver.com,https://s.pstatic.net/static/newsstand/up/2022/1018/nsd132844419.png
https://naver.com,https://s.pstatic.net/static/newsstand/up/2022/1018/nsd132851977.png
https://naver.com,https://s.pstatic.net/static/newsstand/up/2022/1024/nsd174424325.png
https://naver.com,https://s.pstatic.net/static/newsstand/up/2022/1024/nsd174430433.png
https://naver.com,https://s.pstatic.net/static/newsstand/up/2022/1103/nsd124320554.png
https://naver.com,https://s.pstatic.net/static/newsstand/up/2022/1103/nsd124326426.png
https://naver.com,https://s.pstatic.net/static/newsstand/up/2022/1107/nsd105354391.png
https://naver.com,https://s.pstatic.net/static/newsstand/up/2022/1107/nsd1054226.png
https://naver.com,https://s.pstatic.net/static/newsstand/up/2022/1115/nsd153934427.png
https://naver.com,https://s.pstatic.net/static/newsstand/up/2022/1115/nsd153942530.png
https://naver.com,https://s.pstatic.net/static/newsstand/up/2022/1116/nsd113840778.png
https://naver.com,https://s.pstatic.net/static/newsstand/up/2022/1116/nsd113848865.png
https://naver.com,https://s.pstatic.net/static/newsstand/up/2023/0103/nsd9522095.png
https://naver.com,https://s.pstatic.net/static/newsstand/up/2023/0103/nsd95227559.png
https://naver.com,https://s.pstatic.net/static/newsstand/up/2023/0112/nsd92558162.png
https://naver.com,https://s.pstatic.net/static/newsstand/up/2023/0213/nsd17100999.png
https://naver.com,https://s.pstatic.net/static/newsstand/up/2023/0213/nsd17943530.png
https://naver.com,https://s.pstatic.net/static/newsstand/up/2023/0309/nsd195548501.png
https://naver.com,https://s.pstatic.net/static/newsstand/up/2023/0309/nsd1956932.png
https://naver.com,https://s.pstatic.net/static/newsstand/up/2023/0330/nsd10125746.png
https://naver.com,https://s.pstatic.net/static/newsstand/up/2023/0330/nsd10148542.png
https://naver.com,https://s.pstatic.net/static/newsstand/up/2023/0418/nsd124439166.png
https://naver.com,https://s.pstatic.net/static/newsstand/up/2023/0418/nsd124451202.png
https://naver.com,https://s.pstatic.net/static/newsstand/up/2023/0418/nsd124945796.png
https://naver.com,https://s.pstatic.net/static/newsstand/up/2023/0418/nsd124959421.png
https://naver.com,https://s.pstatic.net/static/newsstand/up/2023/0714/nsd125510155.png
https://naver.com,https://s.pstatic.net/static/newsstand/up/2023/0714/nsd125517690.png
https://naver.com,https://s.pstatic.net/static/newsstand/up/2023/0731/nsd133759965.png
https://naver.com,https://s.pstatic.net/static/newsstand/up/2023/0731/nsd13387289.png
https://naver.com,https://s.pstatic.net/static/newsstand/up/2023/0826/nsd0136682.png
https://naver.com,https://s.pstatic.net/static/newsstand/up/2023/0826/nsd0145257.png
https://naver.com,https://s.pstatic.net/static/newsstand/up/2024/0124/nsd95520363.png
https://naver.com,https://s.pstatic.net/static/newsstand/up/2024/0124/nsd95528325.png
https://naver.com,https://s.pstatic.net/static/newsstand/up/2024/0219/nsd145828169.png
https://naver.com,https://s.pstatic.net/static/newsstand/up/2024/0219/nsd14592425.png
https://naver.com,https://s.pstatic.net/static/newsstand/up/2024/0229/nsd103734195.png
https://naver.com,https://s.pstatic.net/static/newsstand/up/2024/0229/nsd10375418.png
https://naver.com,https://s.pstatic.net/static/newsstand/up/2024/0304/nsd101630742.png
https://naver.com,https://s.pstatic.net/static/newsstand/up/2024/0304/nsd101639503.png
https://naver.com,https://s.pstatic.net/static/newsstand/up/2024/0531/nsd115428801.png
https://naver.com,https://s.pstatic.net/static/newsstand/up/2024/0531/nsd115449376.png
https://naver.com,https://s.pstatic.net/static/newsstand/up/2024/0610/nsd181018320.png
https://naver.com,https://s.pstatic.net/static/newsstand/up/2024/0610/nsd18952420.png
https://naver.com,https://s.pstatic.net/static/newsstand/up/2024/0701/nsd105216680.png
https://naver.com,https://s.pstatic.net/static/newsstand/up/2024/0701/nsd10529721.png
https://naver.com,https://s.pstatic.net/static/newsstand/up/2024/0709/nsd114253503.png
https://naver.com,https://s.pstatic.net/static/newsstand/up/2024/0709/nsd114315719.png
https://naver.com,https://s.pstatic.net/static/newsstand/up/2024/1015/nsd144951657.png
https://naver.com,https://s.pstatic.net/static/newsstand/up/2024/1015/nsd14509252.png
https://naver.com,https://s.pstatic.net/static/newsstand/up/2024/1101/nsd102910563.png
https://naver.com,https://s.pstatic.net/static/newsstand/up/2024/1101/nsd10293597.png
https://naver.com,https://s.pstatic.net/static/newsstand/up/2024/1112/nsd95454919.png
https://naver.com,https://s.pstatic.net/static/newsstand/up/2024/1112/nsd9551191.png
https://naver.com,https://s.pstatic.net/static/newsstand/up/2024/1121/nsd174650998.png
https://naver.com,https://s.pstatic.net/static/newsstand/up/2024/1121/nsd174657186.png
https://naver.com,https://s.pstatic.net/static/newsstand/up/2024/1219/nsd145047862.png
https://naver.com,https://s.pstatic.net/static/newsstand/up/2024/1219/nsd145170.png
https://naver.com,https://s.pstatic.net/static/newsstand/up/2025/0219/nsd122730866.png
https://naver.com,https://s.pstatic.net/static/newsstand/up/2025/0219/nsd122750849.png
https://naver.com,https://s.pstatic.net/static/newsstand/up/2025/0404/nsd155549355.png
https://naver.com,https://s.pstatic.net/static/newsstand/up/2025/0404/nsd15566813.png
https://naver.com,https://s.pstatic.net/static/newsstand/up/2025/0404/nsd16101680.png
https://naver.com,https://s.pstatic.net/static/newsstand/up/2025/0404/nsd16101893.png
https://naver.com,https://s.pstatic.net/static/newsstand/up/2025/0404/nsd16194788.png
https://naver.com,https://s.pstatic.net/static/newsstand/up/2025/0404/nsd162035118.png
https://naver.com,https://s.pstatic.net/static/newsstand/up/2025/0404/nsd163820479.png
https://naver.com,https://s.pstatic.net/static/newsstand/up/2025/0404/nsd16382664.png
https://naver.com,https://s.pstatic.net/static/newsstand/up/2025/0404/nsd16411884.png
https://naver.com,https://s.pstatic.net/static/newsstand/up/2025/0404/nsd16412273.png
https://naver.com,https://s.pstatic.net/static/newsstand/up/2025/0404/nsd172139358.png
https://naver.com,https://s.pstatic.net/static/newsstand/up/2025/0404/nsd172159631.png
https://naver.com,https://s.pstatic.net/static/www/mobile/edit/20250404_1095/upload_17437614598883Zo3C.jpg
https://naver.com,https://s.pstatic.net/static/www/mobile/edit/20250404_1095/upload_174376146566625dXZ.jpg
https://naver.com,https://s.pstatic.net/static/www/mobile/edit/20250404_1095/upload_1743761472652Al9K3.jpg
https://naver.com,https://siape.veta.naver.com/fxview?eu=EU10044129&calp=-&oj=ZJlEFeSBKmLf40n3ktJ9%2FO0C9vugLiaKFFbRk1ZPpe1tsxZtgxD2yGx%2FhcG054wnMyzyQ%2B4Alfgf%2BxUSqwh%2FS2QbEkDwIInI&ac=8968387&src=7094288&evtcd=V900&x_ti=1586&tb=&oid=&sid1=&sid2=&rk=-r21bTd9KKZf4wLj8W7EXA&eltts=8Y9IuauxSQVb95P2A%2Bwjjg%3D%3D&brs=Y&&eid=V900
https://naver.com,https://siape.veta.naver.com/fxview?eu=EU10044434&calp=-&oj=UDLDkoMX9MNQsbHfqBkowu0C9vugLiaKFFbRk1ZPpe1tsxZtgxD2yGx%2FhcG054wnMyzyQ%2B4Alfgf%2BxUSqwh%2FS2QbEkDwIInI&ac=8206821&src=4733402&evtcd=V900&x_ti=1362&tb=&oid=&sid1=&sid2=&rk=5Kh2wpZ170o2wnY8ypIeVw&eltts=8Y9IuauxSQVb95P2A%2Bwjjg%3D%3D&brs=Y&&eid=V900
https://naver.com,https://siape.veta.naver.com/openrtb/nbackimp?eu=EU10043565\u0026oj=cQgn6aire5OsDpQZh8LJRhZ2skzYzwZgR4%2FTPuSWATZKTOMeAjJz7%2FwMMKEyAWkfJL1qM2Pf%2FantAvb7oC4mihRW0ZNWT6XtbbMWbYMQ9shsf4XBtOeMJzMs8kPuAJX4H%2FsVEqsIf0tdQ11jElGp5rQp1KnF6J0vkrSVXOYB6cSWGErZTcBNk0udQKKj4dqvqltOZQQfx7r7FHZtxff%2FE85pVZkmXgQ6Y55AxwfeNYxKZanYFEhvlF60EsPv19W2ZQ4%2Bbvp%2FqWA\u0026evtcd=BID_LOSE\u0026rk=dgRLJnW_rJq9SQ65DVY9Pw\u0026eltts=8Y9IuauxSQVb95P2A%2Bwjjg%3D%3D\u0026calp=-\u0026ac=9101614\u0026src=7531880\u0026x_ti=1504\u0026brs=Y
https://naver.com,https://siape.veta.naver.com/openrtb/nbimp?oj=cQgn6aire5OsDpQZh8LJRhZ2skzYzwZgR4%2FTPuSWATZKTOMeAjJz7%2FwMMKEyAWkfJL1qM2Pf%2FantAvb7oC4mihRW0ZNWT6XtbbMWbYMQ9shsf4XBtOeMJzMs8kPuAJX4H%2FsVEqsIf0tdQ11jElGp5rQp1KnF6J0vkrSVXOYB6cSWGErZTcBNk0udQKKj4dqvqltOZQQfx7r7FHZtxff%2FE85pVZkmXgQ6Y55AxwfeNYxKZanYFEhvlF60EsPv19W2ZQ4%2Bbvp%2FqWA\u0026rk=dgRLJnW_rJq9SQ65DVY9Pw\u0026eltts=8Y9IuauxSQVb95P2A%2Bwjjg%3D%3D
https://naver.com,https://siape.veta.naver.com/openrtb/nurl?eu=EU10043565\u0026calp=-\u0026oj=cQgn6aire5OsDpQZh8LJRhZ2skzYzwZgR4%2FTPuSWATZKTOMeAjJz7%2FwMMKEyAWkfJL1qM2Pf%2FantAvb7oC4mihRW0ZNWT6XtbbMWbYMQ9shsf4XBtOeMJzMs8kPuAJX4H%2FsVEqsIf0tdQ11jElGp5rQp1KnF6J0vkrSVXOYB6cSWGErZTcBNk0udQKKj4dqvqltOZQQfx7r7FHZtxff%2FE85pVZkmXgQ6Y55AxwfeNYxKZanYFEhvlF60EsPv19W2ZQ4%2Bbvp%2FqWA\u0026ac=9101614\u0026src=7531880\u0026evtcd=BID_WIN\u0026x_ti=1504\u0026rk=dgRLJnW_rJq9SQ65DVY9Pw\u0026eltts=8Y9IuauxSQVb95P2A%2Bwjjg%3D%3D\u0026brs=Y\u0026
https://naver.com,https://tivan.naver.com/sc2/1/
https://naver.com,https://tivan.naver.com/sc2/10/
https://naver.com,https://tivan.naver.com/sc2/11/
https://naver.com,https://tivan.naver.com/sc2/12/
https://naver.com,https://tivan.naver.com/sc2/2/
https://naver.com,https://tivan.naver.com/sc2/3/
https://naver.com,https://tivan.naver.com/sc2/4/
https://naver.com,https://tivan.naver.com/sc2/5/
https://naver.com,https://tivan.naver.com/sc2/6/
https://naver.com,https://tivan.naver.com/sc2/91/
https://naver.com,https://tivan.naver.com/sc2/92/
https://naver.com,https://tivan.naver.com/sc2/93/
https://naver.com,https://tv.naver.com/dltnguscjswo
https://naver.com,https://tv.naver.com/v/72337770
https://naver.com,https://tv.naver.com/v/73378374
